Contest Name,Candidate Name,Party,Mail Ballots Votes,Vote Center Ballots Votes,Provisional Votes,Total Votes,Number Of Precincts,Precincts Reported,Ballots Cast,Vote For
,,,,,,,,,,
,,,,,,,,,,
Total Precincts Reported,2669,,,,,,,,,
PRESIDENT AND VICE PRESIDENT,DONALD J. TRUMP / JD VANCE,REP,134668.0,66392.0,2010.0,201060.0,2669.0,1601.0,553272.0,1.0
PRESIDENT AND VICE PRESIDENT,CLAUDIA DE LA CRUZ / KARINA GARCIA,PF,72334.0,35661.0,1079.0,107995.0,2669.0,1601.0,553272.0,
PRESIDENT AND VICE PRESIDENT,KAMALA D. HARRIS / TIM WALZ,DEM,52484.0,25875.0,783.0,78359.0,2669.0,1601.0,553272.0,
PRESIDENT AND VICE PRESIDENT,ROBERT F. KENNEDY JR. / NICOLE SHANAHAN,AI,51701.0,25489.0,771.0,77190.0,2669.0,1601.0,553272.0,
PRESIDENT AND VICE PRESIDENT,CHASE OLIVER / MIKE TER MAAT,LIB,45801.0,22581.0,683.0,68382.0,2669.0,1601.0,553272.0,
PRESIDENT AND VICE PRESIDENT,JILL STEIN / RUDOLPH WARE,GRN,8509.0,4195.0,127.0,12704.0,2669.0,1601.0,553272.0,
PRESIDENT AND VICE PRESIDENT,Peter Sonski / Lauren Onak,,5075.0,2503.0,75.0,7578.0,2669.0,1601.0,553272.0,
UNITED STATES SENATOR (Full Term),STEVE GARVEY,REP,225506.0,111176.0,3366.0,336682.0,2669.0,1601.0,553272.0,1.0
UNITED STATES SENATOR (Full Term),ADAM B. SCHIFF,DEM,145069.0,71520.0,2165.0,216589.0,2669.0,1601.0,553272.0,
UNITED STATES SENATOR (Partial/Unexpired Term),STEVE GARVEY,REP,234648.0,115683.0,3503.0,350331.0,2669.0,1601.0,553272.0,1.0
UNITED STATES SENATOR (Partial/Unexpired Term),ADAM B. SCHIFF,DEM,135927.0,67013.0,2029.0,202940.0,2669.0,1601.0,553272.0,
UNITED STATES REPRESENTATIVE 48TH DISTRICT (SAN DIEGO PORTION ONLY),DARRELL E. ISSA,REP,47478.0,23408.0,708.0,70886.0,608.0,364.0,126035.0,1.0
UNITED STATES REPRESENTATIVE 48TH DISTRICT (SAN DIEGO PORTION ONLY),STEPHEN HOULAHAN,DEM,36937.0,18211.0,551.0,55148.0,608.0,364.0,126035.0,
UNITED STATES REPRESENTATIVE 49TH DISTRICT (SAN DIEGO PORTION ONLY),MIKE LEVIN,DEM,35997.0,17747.0,537.0,53744.0,460.0,276.0,95355.0,1.0
UNITED STATES REPRESENTATIVE 49TH DISTRICT (SAN DIEGO PORTION ONLY),MATT GUNDERSON,REP,27870.0,13740.0,416.0,41610.0,460.0,276.0,95355.0,
UNITED STATES REPRESENTATIVE 50TH DISTRICT,SCOTT PETERS,DEM,52802.0,26033.0,788.0,78835.0,630.0,378.0,130596.0,1.0
UNITED STATES REPRESENTATIVE 50TH DISTRICT,PETER J. BONO,REP,34668.0,17092.0,517.0,51760.0,630.0,378.0,130596.0,
UNITED STATES REPRESENTATIVE 51ST DISTRICT,SARA JACOBS,DEM,38580.0,19021.0,576.0,57601.0,516.0,309.0,106964.0,1.0
UNITED STATES REPRESENTATIVE 51ST DISTRICT,BILL WELLS,REP,33062.0,16300.0,493.0,49362.0,516.0,309.0,106964.0,
UNITED STATES REPRESENTATIVE 52ND DISTRICT,JUSTIN LEE,REP,36415.0,17954.0,543.0,54369.0,455.0,273.0,94319.0,1.0
UNITED STATES REPRESENTATIVE 52ND DISTRICT,JUAN VARGAS,DEM,26757.0,13192.0,399.0,39949.0,455.0,273.0,94319.0,
STATE SENATOR 39TH DISTRICT,BOB DIVINE,REP,47967.0,23649.0,716.0,71616.0,664.0,398.0,137644.0,1.0
STATE SENATOR 39TH DISTRICT,AKILAH WEBER,DEM,44224.0,21803.0,660.0,66027.0,664.0,398.0,137644.0,
MEMBER OF THE STATE ASSEMBLY 74TH DISTRICT (SAN DIEGO PORTION ONLY),LAURIE DAVIES,REP,18873.0,9305.0,281.0,28178.0,222.0,133.0,46019.0,1.0
MEMBER OF THE STATE ASSEMBLY 74TH DISTRICT (SAN DIEGO PORTION ONLY),CHRIS DUNCAN,DEM,11949.0,5891.0,178.0,17840.0,222.0,133.0,46019.0,
MEMBER OF THE STATE ASSEMBLY 75TH DISTRICT,CARL DEMAIO,REP,46267.0,22810.0,690.0,69077.0,586.0,351.0,121475.0,1.0
MEMBER OF THE STATE ASSEMBLY 75TH DISTRICT,ANDREW HAYES,REP,35095.0,17302.0,523.0,52397.0,586.0,351.0,121475.0,
MEMBER OF THE STATE ASSEMBLY 76TH DISTRICT,DARSHANA PATEL,DEM,47377.0,23358.0,707.0,70735.0,554.0,332.0,114841.0,1.0
MEMBER OF THE STATE ASSEMBLY 76TH DISTRICT,KRISTIE BRUCE-LANE,REP,29541.0,14564.0,441.0,44105.0,554.0,332.0,114841.0,
MEMBER OF THE STATE ASSEMBLY 77TH DISTRICT,JAMES BROWNE,REP,31715.0,15637.0,473.0,47352.0,361.0,216.0,74833.0,1.0
MEMBER OF THE STATE ASSEMBLY 77TH DISTRICT,TASHA BOERNER,DEM,18405.0,9075.0,274.0,27480.0,361.0,216.0,74833.0,
MEMBER OF THE STATE ASSEMBLY 78TH DISTRICT,CHRIS WARD,DEM,42902.0,21152.0,640.0,64054.0,309.0,185.0,64054.0,1.0
MEMBER OF THE STATE ASSEMBLY 79TH DISTRICT,COLIN PARENT,DEM,26949.0,13287.0,402.0,40236.0,321.0,192.0,66541.0,1.0
MEMBER OF THE STATE ASSEMBLY 79TH DISTRICT,LASHAE SHARP-COLLINS,DEM,17618.0,8686.0,263.0,26304.0,321.0,192.0,66541.0,
MEMBER OF THE STATE ASSEMBLY 80TH DISTRICT,DAVID A. ALVAREZ,DEM,25421.0,12534.0,379.0,37955.0,316.0,189.0,65505.0,1.0
MEMBER OF THE STATE ASSEMBLY 80TH DISTRICT,MICHAEL W. WILLIAMS,REP,18452.0,9097.0,275.0,27549.0,316.0,189.0,65505.0,
COUNTY BOARD OF EDUCATION 1ST DISTRICT,GREGG ROBINSON,,50400.0,24848.0,752.0,75248.0,363.0,217.0,75248.0,1.0
COUNTY BOARD OF EDUCATION 2ND DISTRICT,GUADALUPE GONZ√ÅLEZ,,60119.0,29639.0,897.0,89758.0,433.0,259.0,89759.0,1.0
COUNTY BOARD OF EDUCATION 4TH DISTRICT,ERIN EVANS,,55538.0,27381.0,829.0,82919.0,753.0,451.0,156093.0,1.0
COUNTY BOARD OF EDUCATION 4TH DISTRICT,SARAH SONG,,49010.0,24163.0,731.0,73173.0,753.0,451.0,156093.0,
GROSSMONT-CUYAMACA COMMUNITY COLLEGE DISTRICT GOVERNING BOARD MEMBER TRUSTEE AREA 4,LEE QUINN,,9868.0,4865.0,147.0,14733.0,134.0,80.0,27777.0,1.0
GROSSMONT-CUYAMACA COMMUNITY COLLEGE DISTRICT GOVERNING BOARD MEMBER TRUSTEE AREA 4,ELENA ADAMS,,8736.0,4307.0,130.0,13043.0,134.0,80.0,27777.0,
MIRACOSTA COMMUNITY COLLEGE DISTRICT GOVERNING BOARD MEMBER TRUSTEE AREA NO. 5,ANN CROSBIE,,3934.0,1940.0,58.0,5874.0,51.0,30.0,10572.0,1.0
MIRACOSTA COMMUNITY COLLEGE DISTRICT GOVERNING BOARD MEMBER TRUSTEE AREA NO. 5,ALEXANDER THOMAS WELLS III,,3146.0,1551.0,46.0,4697.0,51.0,30.0,10572.0,
PALOMAR COMMUNITY COLLEGE DISTRICT GOVERNING BOARD MEMBER TRUSTEE AREA NO. 2,YVETTE MARIE ACOSTA,,12467.0,6147.0,186.0,18614.0,150.0,90.0,31094.0,1.0
PALOMAR COMMUNITY COLLEGE DISTRICT GOVERNING BOARD MEMBER TRUSTEE AREA NO. 2,EDWARD POHLERT,,8358.0,4121.0,124.0,12479.0,150.0,90.0,31094.0,
PALOMAR COMMUNITY COLLEGE DISTRICT GOVERNING BOARD MEMBER TRUSTEE AREA NO. 4,HOLLY M. HAMILTON-BLEAKLEY,,15992.0,7885.0,238.0,23877.0,231.0,138.0,47885.0,1.0
PALOMAR COMMUNITY COLLEGE DISTRICT GOVERNING BOARD MEMBER TRUSTEE AREA NO. 4,AMI ADMIRE,,14026.0,6916.0,209.0,20942.0,231.0,138.0,47885.0,
PALOMAR COMMUNITY COLLEGE DISTRICT GOVERNING BOARD MEMBER TRUSTEE AREA NO. 4,MICHELLE RAINS,,2052.0,1012.0,30.0,3064.0,231.0,138.0,47885.0,
"SAN DIEGO COMMUNITY COLLEGE DISTRICT MEMBER, BOARD OF TRUSTEES  DISTRICT D",MARIAH JAMESON,,8899.0,4388.0,132.0,13287.0,118.0,70.0,24460.0,1.0
"SAN DIEGO COMMUNITY COLLEGE DISTRICT MEMBER, BOARD OF TRUSTEES  DISTRICT D",ANDREW GOMEZ II,,7482.0,3690.0,111.0,11172.0,118.0,70.0,24460.0,
SOUTHWESTERN COMMUNITY COLLEGE DISTRICT GOVERNING BOARD MEMBER TRUSTEE AREA NO. 2,ERIKA LOWERY,,4937.0,2434.0,73.0,7371.0,58.0,34.0,12023.0,1.0
SOUTHWESTERN COMMUNITY COLLEGE DISTRICT GOVERNING BOARD MEMBER TRUSTEE AREA NO. 2,"KRISTINE ""KRIS"" GALICIA BROWN",,3115.0,1536.0,46.0,4651.0,58.0,34.0,12023.0,
BONSALL UNIFIED SCHOOL DISTRICT GOVERNING BOARD MEMBER TRUSTEE AREA E,LINDSAY  JONES,,1111.0,549.0,16.0,1660.0,14.0,8.0,2902.0,1.0
BONSALL UNIFIED SCHOOL DISTRICT GOVERNING BOARD MEMBER TRUSTEE AREA E,ERIC ORTEGA,,831.0,410.0,12.0,1241.0,14.0,8.0,2902.0,
BORREGO SPRINGS UNIFIED SCHOOL DISTRICT GOVERNING BOARD MEMBER,MARTHA DEICHLER,,334.0,165.0,4.0,499.0,5.0,3.0,1036.0,3.0
BORREGO SPRINGS UNIFIED SCHOOL DISTRICT GOVERNING BOARD MEMBER,STEVE DUNN,,283.0,140.0,4.0,423.0,5.0,3.0,1036.0,
BORREGO SPRINGS UNIFIED SCHOOL DISTRICT GOVERNING BOARD MEMBER,STEVE RIEHLE,,54.0,27.0,0.0,81.0,5.0,3.0,1036.0,
BORREGO SPRINGS UNIFIED SCHOOL DISTRICT GOVERNING BOARD MEMBER,PETER KELLNER,,20.0,10.0,0.0,30.0,5.0,3.0,1036.0,
CARLSBAD UNIFIED SCHOOL DISTRICT GOVERNING BOARD MEMBER TRUSTEE AREA NO. 2,ALISON EMERY,,1548.0,764.0,23.0,2312.0,18.0,10.0,3731.0,1.0
CARLSBAD UNIFIED SCHOOL DISTRICT GOVERNING BOARD MEMBER TRUSTEE AREA NO. 2,JEN BELNAP,,949.0,469.0,14.0,1418.0,18.0,10.0,3731.0,
CARLSBAD UNIFIED SCHOOL DISTRICT GOVERNING BOARD MEMBER TRUSTEE AREA NO. 3,EJEHAN TURKER,,1250.0,617.0,18.0,1867.0,16.0,9.0,3316.0,1.0
CARLSBAD UNIFIED SCHOOL DISTRICT GOVERNING BOARD MEMBER TRUSTEE AREA NO. 3,LAURA SIAOSI,,969.0,479.0,14.0,1448.0,16.0,9.0,3316.0,
CORONADO UNIFIED SCHOOL DISTRICT GOVERNING BOARD MEMBER,"FITZHUGH ""FITZ"" LEE",,620.0,306.0,9.0,926.0,9.0,5.0,1865.0,2.0
CORONADO UNIFIED SCHOOL DISTRICT GOVERNING BOARD MEMBER,RENEE CAVANAUGH,,453.0,224.0,6.0,677.0,9.0,5.0,1865.0,
CORONADO UNIFIED SCHOOL DISTRICT GOVERNING BOARD MEMBER,SHAWNEE BARTON MERRIMAN,,111.0,55.0,1.0,166.0,9.0,5.0,1865.0,
CORONADO UNIFIED SCHOOL DISTRICT GOVERNING BOARD MEMBER,BILL SANDKE,,62.0,32.0,0.0,94.0,9.0,5.0,1865.0,
OCEANSIDE UNIFIED SCHOOL DISTRICT GOVERNING BOARD MEMBER TRUSTEE AREA NO. 2,ELEANOR  EVANS,,1672.0,825.0,24.0,2497.0,23.0,13.0,4767.0,1.0
OCEANSIDE UNIFIED SCHOOL DISTRICT GOVERNING BOARD MEMBER TRUSTEE AREA NO. 2,EMILY ORTIZ WICHMANN,,1519.0,750.0,22.0,2269.0,23.0,13.0,4767.0,
OCEANSIDE UNIFIED SCHOOL DISTRICT GOVERNING BOARD MEMBER TRUSTEE AREA NO. 5,ROSIE HIGUERA,,1608.0,793.0,24.0,2401.0,18.0,10.0,3731.0,1.0
OCEANSIDE UNIFIED SCHOOL DISTRICT GOVERNING BOARD MEMBER TRUSTEE AREA NO. 5,MIKE BLESSING,,890.0,439.0,13.0,1329.0,18.0,10.0,3731.0,
POWAY UNIFIED SCHOOL DISTRICT GOVERNING BOARD MEMBER TRUSTEE AREA A,TIM DOUGHERTY,,3505.0,1729.0,52.0,5234.0,42.0,25.0,8706.0,1.0
POWAY UNIFIED SCHOOL DISTRICT GOVERNING BOARD MEMBER TRUSTEE AREA A,DEVESH VASHISHTHA,,2324.0,1147.0,34.0,3471.0,42.0,25.0,8706.0,
POWAY UNIFIED SCHOOL DISTRICT GOVERNING BOARD MEMBER TRUSTEE AREA E,CRAIG POND,,2963.0,1461.0,44.0,4424.0,31.0,18.0,6426.0,1.0
POWAY UNIFIED SCHOOL DISTRICT GOVERNING BOARD MEMBER TRUSTEE AREA E,DAVID CHENG,,696.0,344.0,10.0,1040.0,31.0,18.0,6426.0,
POWAY UNIFIED SCHOOL DISTRICT GOVERNING BOARD MEMBER TRUSTEE AREA E,CINDY SYTSMA,,643.0,318.0,9.0,961.0,31.0,18.0,6426.0,
RAMONA UNIFIED SCHOOL DISTRICT GOVERNING BOARD MEMBER TRUSTEE AREA NO. 3,DAWN PERFECT,,429.0,212.0,6.0,641.0,5.0,3.0,1036.0,1.0
RAMONA UNIFIED SCHOOL DISTRICT GOVERNING BOARD MEMBER TRUSTEE AREA NO. 3,STEPHANIE COOTER,,263.0,131.0,3.0,394.0,5.0,3.0,1036.0,
RAMONA UNIFIED SCHOOL DISTRICT GOVERNING BOARD MEMBER TRUSTEE AREA NO. 4,DARYN DRUM,,371.0,183.0,5.0,554.0,5.0,3.0,1036.0,1.0
RAMONA UNIFIED SCHOOL DISTRICT GOVERNING BOARD MEMBER TRUSTEE AREA NO. 4,JOHN RAJCIC,,322.0,159.0,4.0,481.0,5.0,3.0,1036.0,
"SAN DIEGO UNIFIED SCHOOL DISTRICT MEMBER, BOARD OF EDUCATION DISTRICT A",CRYSTAL TRULL,,9271.0,4572.0,138.0,13843.0,126.0,75.0,26119.0,1.0
"SAN DIEGO UNIFIED SCHOOL DISTRICT MEMBER, BOARD OF EDUCATION DISTRICT A",SABRINA BAZZO,,8221.0,4054.0,122.0,12275.0,126.0,75.0,26119.0,
"SAN DIEGO UNIFIED SCHOOL DISTRICT MEMBER, BOARD OF EDUCATION DISTRICT D",RICHARD BARRERA,,17632.0,8694.0,263.0,26326.0,127.0,76.0,26326.0,1.0
"SAN DIEGO UNIFIED SCHOOL DISTRICT MEMBER, BOARD OF EDUCATION DISTRICT E",SHARON D. WHITEHURST-PAYNE,,15411.0,7598.0,230.0,23009.0,111.0,66.0,23009.0,1.0
SAN MARCOS UNIFIED SCHOOL DISTRICT GOVERNING BOARD MEMBER TRUSTEE AREA A,HEIDI HERRICK,,3345.0,1650.0,49.0,4995.0,41.0,24.0,8499.0,1.0
SAN MARCOS UNIFIED SCHOOL DISTRICT GOVERNING BOARD MEMBER TRUSTEE AREA A,CARLOS ULLOA,,2346.0,1157.0,35.0,3503.0,41.0,24.0,8499.0,
SAN MARCOS UNIFIED SCHOOL DISTRICT GOVERNING BOARD MEMBER TRUSTEE AREA B,SARAH AHMAD,,2931.0,1445.0,43.0,4376.0,34.0,20.0,7048.0,1.0
SAN MARCOS UNIFIED SCHOOL DISTRICT GOVERNING BOARD MEMBER TRUSTEE AREA B,BRITTANY BOWER,,1789.0,882.0,26.0,2671.0,34.0,20.0,7048.0,
SAN MARCOS UNIFIED SCHOOL DISTRICT GOVERNING BOARD MEMBER TRUSTEE AREA D,LENA LAUER MEUM,,2793.0,1377.0,41.0,4170.0,31.0,18.0,6426.0,1.0
SAN MARCOS UNIFIED SCHOOL DISTRICT GOVERNING BOARD MEMBER TRUSTEE AREA D,JAIME CHAMBERLIN,,1510.0,745.0,22.0,2255.0,31.0,18.0,6426.0,
VISTA UNIFIED SCHOOL DISTRICT GOVERNING BOARD MEMBER TRUSTEE AREA NO. 1,MIKE MARKOV,,3402.0,1678.0,50.0,5080.0,41.0,24.0,8499.0,1.0
VISTA UNIFIED SCHOOL DISTRICT GOVERNING BOARD MEMBER TRUSTEE AREA NO. 1,"AMANDA ""MANDY"" REMMEN",,2289.0,1129.0,34.0,3418.0,41.0,24.0,8499.0,
VISTA UNIFIED SCHOOL DISTRICT GOVERNING BOARD MEMBER TRUSTEE AREA NO. 4,ZULEMA GOMEZ,,1724.0,850.0,25.0,2574.0,21.0,12.0,4353.0,1.0
VISTA UNIFIED SCHOOL DISTRICT GOVERNING BOARD MEMBER TRUSTEE AREA NO. 4,CIPRIANO VARGAS,,645.0,318.0,9.0,963.0,21.0,12.0,4353.0,
VISTA UNIFIED SCHOOL DISTRICT GOVERNING BOARD MEMBER TRUSTEE AREA NO. 4,FRANK NUNEZ,,545.0,269.0,8.0,814.0,21.0,12.0,4353.0,
VISTA UNIFIED SCHOOL DISTRICT GOVERNING BOARD MEMBER TRUSTEE AREA NO. 5,SUE MARTIN,,2675.0,1319.0,39.0,3994.0,32.0,19.0,6633.0,1.0
VISTA UNIFIED SCHOOL DISTRICT GOVERNING BOARD MEMBER TRUSTEE AREA NO. 5,"ANTHONY ""TJ"" CROSSMAN",,1766.0,872.0,26.0,2638.0,32.0,19.0,6633.0,
WARNER UNIFIED SCHOOL DISTRICT GOVERNING BOARD MEMBER,GENE DOXEY,,370.0,183.0,5.0,553.0,6.0,3.0,1243.0,3.0
WARNER UNIFIED SCHOOL DISTRICT GOVERNING BOARD MEMBER,DEBORAH CASTEEL,,200.0,100.0,3.0,300.0,6.0,3.0,1243.0,
WARNER UNIFIED SCHOOL DISTRICT GOVERNING BOARD MEMBER,MELISSA KROGH,,194.0,96.0,2.0,290.0,6.0,3.0,1243.0,
WARNER UNIFIED SCHOOL DISTRICT GOVERNING BOARD MEMBER,MELODY SEES,,66.0,33.0,0.0,99.0,6.0,3.0,1243.0,
ESCONDIDO UNION HIGH SCHOOL DISTRICT GOVERNING BOARD MEMBER TRUSTEE AREA NO. 3,CLAY BROWN,,4676.0,2306.0,69.0,6982.0,53.0,31.0,10986.0,1.0
ESCONDIDO UNION HIGH SCHOOL DISTRICT GOVERNING BOARD MEMBER TRUSTEE AREA NO. 3,CHRISTI  KNIGHT,,2681.0,1322.0,40.0,4003.0,53.0,31.0,10986.0,
ESCONDIDO UNION HIGH SCHOOL DISTRICT GOVERNING BOARD MEMBER TRUSTEE AREA NO. 4,DARA CZERWONKA,,4638.0,2287.0,69.0,6925.0,55.0,33.0,11401.0,1.0
ESCONDIDO UNION HIGH SCHOOL DISTRICT GOVERNING BOARD MEMBER TRUSTEE AREA NO. 4,RYAN S. WILLIAMS,,2997.0,1478.0,44.0,4475.0,55.0,33.0,11401.0,
FALLBROOK UNION HIGH SCHOOL DISTRICT GOVERNING BOARD MEMBER TRUSTEE AREA NO. 4,JOSHUA TILLER,,751.0,371.0,11.0,1122.0,9.0,5.0,1865.0,1.0
FALLBROOK UNION HIGH SCHOOL DISTRICT GOVERNING BOARD MEMBER TRUSTEE AREA NO. 4,OSCAR CARALAMPIO,,496.0,246.0,7.0,742.0,9.0,5.0,1865.0,
GROSSMONT UNION HIGH SCHOOL DISTRICT GOVERNING BOARD MEMBER TRUSTEE AREA NO. 1,CHRIS FITE,,3866.0,1906.0,57.0,5772.0,76.0,45.0,15754.0,1.0
GROSSMONT UNION HIGH SCHOOL DISTRICT GOVERNING BOARD MEMBER TRUSTEE AREA NO. 1,RANDALL DEAR,,3293.0,1624.0,49.0,4917.0,76.0,45.0,15754.0,
GROSSMONT UNION HIGH SCHOOL DISTRICT GOVERNING BOARD MEMBER TRUSTEE AREA NO. 1,DEBRA HARRINGTON,,3172.0,1565.0,47.0,4737.0,76.0,45.0,15754.0,
GROSSMONT UNION HIGH SCHOOL DISTRICT GOVERNING BOARD MEMBER TRUSTEE AREA NO. 1,AZURE CHRISAWN,,217.0,108.0,3.0,325.0,76.0,45.0,15754.0,
GROSSMONT UNION HIGH SCHOOL DISTRICT GOVERNING BOARD MEMBER TRUSTEE AREA NO. 2,SCOTT ECKERT,,5440.0,2682.0,81.0,8122.0,79.0,47.0,16376.0,1.0
GROSSMONT UNION HIGH SCHOOL DISTRICT GOVERNING BOARD MEMBER TRUSTEE AREA NO. 2,MARSHA J. CHRISTMAN,,3404.0,1679.0,50.0,5083.0,79.0,47.0,16376.0,
GROSSMONT UNION HIGH SCHOOL DISTRICT GOVERNING BOARD MEMBER TRUSTEE AREA NO. 2,JIM STIERINGER,,1389.0,685.0,20.0,2074.0,79.0,47.0,16376.0,
GROSSMONT UNION HIGH SCHOOL DISTRICT GOVERNING BOARD MEMBER TRUSTEE AREA NO. 2,JAY STEIGER,,733.0,362.0,10.0,1095.0,79.0,47.0,16376.0,
JULIAN UNION HIGH SCHOOL DISTRICT GOVERNING BOARD MEMBER,ERIK FLEET,,1180.0,583.0,17.0,1763.0,19.0,11.0,3938.0,2.0
JULIAN UNION HIGH SCHOOL DISTRICT GOVERNING BOARD MEMBER,CAROL M. FRAUSTO,,912.0,450.0,13.0,1362.0,19.0,11.0,3938.0,
JULIAN UNION HIGH SCHOOL DISTRICT GOVERNING BOARD MEMBER,BRITNI A MUSHET,,415.0,205.0,6.0,620.0,19.0,11.0,3938.0,
JULIAN UNION HIGH SCHOOL DISTRICT GOVERNING BOARD MEMBER,MIKE CHARLONNE,,64.0,33.0,0.0,97.0,19.0,11.0,3938.0,
JULIAN UNION HIGH SCHOOL DISTRICT GOVERNING BOARD MEMBER,ADRYENN CANTOR,,62.0,31.0,0.0,93.0,19.0,11.0,3938.0,
SAN DIEGUITO UNION HIGH SCHOOL DISTRICT GOVERNING BOARD MEMBER TRUSTEE AREA NO. 2,KELLY FRIIS,,4652.0,2294.0,69.0,6946.0,54.0,32.0,11193.0,1.0
SAN DIEGUITO UNION HIGH SCHOOL DISTRICT GOVERNING BOARD MEMBER TRUSTEE AREA NO. 2,JODIE WILLIAMS,,2843.0,1403.0,42.0,4246.0,54.0,32.0,11193.0,
SAN DIEGUITO UNION HIGH SCHOOL DISTRICT GOVERNING BOARD MEMBER TRUSTEE AREA NO. 4,MICHAEL ALLMAN,,2810.0,1386.0,41.0,4196.0,32.0,19.0,6633.0,1.0
SAN DIEGUITO UNION HIGH SCHOOL DISTRICT GOVERNING BOARD MEMBER TRUSTEE AREA NO. 4,KEVIN SABELLICO,,1631.0,805.0,24.0,2436.0,32.0,19.0,6633.0,
SWEETWATER UNION HIGH SCHOOL DISTRICT GOVERNING BOARD MEMBER TRUSTEE AREA 2,ANGELICA S. MARTINEZ,,7285.0,3593.0,108.0,10878.0,81.0,48.0,16790.0,1.0
SWEETWATER UNION HIGH SCHOOL DISTRICT GOVERNING BOARD MEMBER TRUSTEE AREA 2,ADRIAN E. ARANCIBIA,,3959.0,1952.0,59.0,5911.0,81.0,48.0,16790.0,
SWEETWATER UNION HIGH SCHOOL DISTRICT GOVERNING BOARD MEMBER TRUSTEE AREA 4,"RODOLFO ""RUDY"" LOPEZ",,5425.0,2675.0,81.0,8100.0,63.0,37.0,13059.0,1.0
SWEETWATER UNION HIGH SCHOOL DISTRICT GOVERNING BOARD MEMBER TRUSTEE AREA 4,OLGA ESPINOZA,,3320.0,1638.0,49.0,4958.0,63.0,37.0,13059.0,
ALPINE UNION SCHOOL DISTRICT GOVERNING BOARD MEMBER,TRAVIS LYON,,1621.0,800.0,24.0,2421.0,22.0,13.0,4560.0,2.0
ALPINE UNION SCHOOL DISTRICT GOVERNING BOARD MEMBER,CEE GOULD,,912.0,450.0,13.0,1362.0,22.0,13.0,4560.0,
ALPINE UNION SCHOOL DISTRICT GOVERNING BOARD MEMBER,JOSEPH PERRICONE,,288.0,143.0,4.0,431.0,22.0,13.0,4560.0,
ALPINE UNION SCHOOL DISTRICT GOVERNING BOARD MEMBER,ERIKA SIMMONS,,231.0,114.0,3.0,345.0,22.0,13.0,4560.0,
CAJON VALLEY UNION SCHOOL DISTRICT GOVERNING BOARD MEMBER TRUSTEE AREA NO. 3 (Short Term),DINA POLUS,,1474.0,728.0,22.0,2202.0,17.0,10.0,3524.0,1.0
CAJON VALLEY UNION SCHOOL DISTRICT GOVERNING BOARD MEMBER TRUSTEE AREA NO. 3 (Short Term),"EMILY ""LILY"" SCHWORM",,884.0,437.0,13.0,1321.0,17.0,10.0,3524.0,
CAJON VALLEY UNION SCHOOL DISTRICT GOVERNING BOARD MEMBER TRUSTEE AREA NO. 5,JIM MILLER,,3664.0,1807.0,54.0,5471.0,42.0,25.0,8706.0,1.0
CAJON VALLEY UNION SCHOOL DISTRICT GOVERNING BOARD MEMBER TRUSTEE AREA NO. 5,ODAY YOUSIF,,1814.0,895.0,27.0,2709.0,42.0,25.0,8706.0,
CAJON VALLEY UNION SCHOOL DISTRICT GOVERNING BOARD MEMBER TRUSTEE AREA NO. 5,ALEX WELLING,,351.0,174.0,5.0,525.0,42.0,25.0,8706.0,
CARDIFF SCHOOL DISTRICT GOVERNING BOARD MEMBER,RICHARD BROCCHINI,,804.0,397.0,12.0,1201.0,9.0,5.0,1865.0,2.0
CARDIFF SCHOOL DISTRICT GOVERNING BOARD MEMBER,NANCY ORR,,365.0,181.0,5.0,546.0,9.0,5.0,1865.0,
CARDIFF SCHOOL DISTRICT GOVERNING BOARD MEMBER,RHEA STEWART,,78.0,39.0,1.0,117.0,9.0,5.0,1865.0,
CHULA VISTA ELEMENTARY SCHOOL DISTRICT GOVERNING BOARD MEMBER SEAT NO. 2,SHARMANE ESTOLANO,,16914.0,8339.0,252.0,25253.0,234.0,140.0,48507.0,1.0
CHULA VISTA ELEMENTARY SCHOOL DISTRICT GOVERNING BOARD MEMBER SEAT NO. 2,LUCY UGARTE,,15574.0,7679.0,232.0,23253.0,234.0,140.0,48507.0,
CHULA VISTA ELEMENTARY SCHOOL DISTRICT GOVERNING BOARD MEMBER SEAT NO. 4,FRANCISCO TAMAYO,,12554.0,6190.0,187.0,18744.0,234.0,140.0,48507.0,1.0
CHULA VISTA ELEMENTARY SCHOOL DISTRICT GOVERNING BOARD MEMBER SEAT NO. 4,JESUS F. PARTIDA,,7367.0,3633.0,110.0,11000.0,234.0,140.0,48507.0,
CHULA VISTA ELEMENTARY SCHOOL DISTRICT GOVERNING BOARD MEMBER SEAT NO. 4,KATE BISHOP,,7350.0,3624.0,109.0,10974.0,234.0,140.0,48507.0,
CHULA VISTA ELEMENTARY SCHOOL DISTRICT GOVERNING BOARD MEMBER SEAT NO. 4,ZENITH KHAN,,4221.0,2082.0,63.0,6303.0,234.0,140.0,48507.0,
CHULA VISTA ELEMENTARY SCHOOL DISTRICT GOVERNING BOARD MEMBER SEAT NO. 4,TANYA WILLIAMS,,993.0,491.0,14.0,1484.0,234.0,140.0,48507.0,
DEL MAR UNION SCHOOL DISTRICT GOVERNING BOARD MEMBER,HELEN DOYLE,,3051.0,1505.0,45.0,4556.0,35.0,21.0,7255.0,2.0
DEL MAR UNION SCHOOL DISTRICT GOVERNING BOARD MEMBER,GEE WAH MOK,,1640.0,809.0,24.0,2449.0,35.0,21.0,7255.0,
DEL MAR UNION SCHOOL DISTRICT GOVERNING BOARD MEMBER,DANIELLE ROYBAL,,159.0,79.0,2.0,238.0,35.0,21.0,7255.0,
DEL MAR UNION SCHOOL DISTRICT GOVERNING BOARD MEMBER,BILL PORTER,,6.0,4.0,0.0,10.0,35.0,21.0,7255.0,
DEL MAR UNION SCHOOL DISTRICT GOVERNING BOARD MEMBER (Short Term),GENEVIEVE OKADA GOLDSTONE,,2937.0,1448.0,43.0,4385.0,35.0,21.0,7255.0,1.0
DEL MAR UNION SCHOOL DISTRICT GOVERNING BOARD MEMBER (Short Term),ALAN SCOTT KHOLOS,,1921.0,948.0,28.0,2869.0,35.0,21.0,7255.0,
ENCINITAS UNION SCHOOL DISTRICT GOVERNING BOARD MEMBER,MONICA LEE,,4212.0,2078.0,62.0,6290.0,83.0,49.0,17205.0,2.0
ENCINITAS UNION SCHOOL DISTRICT GOVERNING BOARD MEMBER,MARLON TAYLOR,,4148.0,2046.0,61.0,6194.0,83.0,49.0,17205.0,
ENCINITAS UNION SCHOOL DISTRICT GOVERNING BOARD MEMBER,JILLIAN COCAYNE,,3160.0,1559.0,47.0,4719.0,83.0,49.0,17205.0,
ENCINITAS UNION SCHOOL DISTRICT GOVERNING BOARD MEMBER (Short Term),TOM MORTON,,7197.0,3549.0,107.0,10746.0,83.0,49.0,17205.0,1.0
ENCINITAS UNION SCHOOL DISTRICT GOVERNING BOARD MEMBER (Short Term),AIMEE SPROUL,,4325.0,2133.0,64.0,6458.0,83.0,49.0,17205.0,
ESCONDIDO UNION SCHOOL DISTRICT GOVERNING BOARD MEMBER TRUSTEE AREA NO. 3,JUAN MANUEL VARGAS,,4214.0,2079.0,62.0,6293.0,47.0,28.0,9742.0,1.0
ESCONDIDO UNION SCHOOL DISTRICT GOVERNING BOARD MEMBER TRUSTEE AREA NO. 3,MARK OLSON,,2309.0,1139.0,34.0,3448.0,47.0,28.0,9742.0,
FALLBROOK UNION ELEMENTARY SCHOOL DISTRICT GOVERNING BOARD MEMBER TRUSTEE AREA NO. 2,LIEF HANSEN,,578.0,286.0,8.0,864.0,8.0,4.0,1658.0,1.0
FALLBROOK UNION ELEMENTARY SCHOOL DISTRICT GOVERNING BOARD MEMBER TRUSTEE AREA NO. 2,LESLIE SOMMERS,,531.0,262.0,7.0,793.0,8.0,4.0,1658.0,
FALLBROOK UNION ELEMENTARY SCHOOL DISTRICT GOVERNING BOARD MEMBER TRUSTEE AREA NO. 4 (Short Term),CONSTANCE FISH,,1331.0,657.0,19.0,1988.0,16.0,9.0,3316.0,1.0
FALLBROOK UNION ELEMENTARY SCHOOL DISTRICT GOVERNING BOARD MEMBER TRUSTEE AREA NO. 4 (Short Term),MARIA G. MORAN,,888.0,439.0,13.0,1327.0,16.0,9.0,3316.0,
LAKESIDE UNION SCHOOL DISTRICT GOVERNING BOARD MEMBER TRUSTEE AREA NO. 2,AUTUMN ELLENSON,,884.0,436.0,13.0,1320.0,12.0,7.0,2487.0,1.0
LAKESIDE UNION SCHOOL DISTRICT GOVERNING BOARD MEMBER TRUSTEE AREA NO. 2,TWILA GODLEY,,780.0,386.0,11.0,1166.0,12.0,7.0,2487.0,
NATIONAL SCHOOL DISTRICT GOVERNING BOARD MEMBER,ROCINA LIZARRAGA,,3582.0,1766.0,53.0,5348.0,39.0,23.0,8084.0,2.0
NATIONAL SCHOOL DISTRICT GOVERNING BOARD MEMBER,CINDY LOPEZ,,965.0,477.0,14.0,1442.0,39.0,23.0,8084.0,
NATIONAL SCHOOL DISTRICT GOVERNING BOARD MEMBER,MARIA MIRANDA,,789.0,390.0,11.0,1179.0,39.0,23.0,8084.0,
NATIONAL SCHOOL DISTRICT GOVERNING BOARD MEMBER,MICHELLE GATES,,75.0,37.0,1.0,112.0,39.0,23.0,8084.0,
RANCHO SANTA FE SCHOOL DISTRICT GOVERNING BOARD MEMBER,JANICE LEE HOLOWKA,,552.0,273.0,8.0,825.0,19.0,11.0,3938.0,3.0
RANCHO SANTA FE SCHOOL DISTRICT GOVERNING BOARD MEMBER,MARIA LUONI,,500.0,247.0,7.0,747.0,19.0,11.0,3938.0,
RANCHO SANTA FE SCHOOL DISTRICT GOVERNING BOARD MEMBER,KAREN ESCHRICH,,497.0,246.0,7.0,743.0,19.0,11.0,3938.0,
RANCHO SANTA FE SCHOOL DISTRICT GOVERNING BOARD MEMBER,VICTORIA GAMBLE,,458.0,227.0,6.0,685.0,19.0,11.0,3938.0,
RANCHO SANTA FE SCHOOL DISTRICT GOVERNING BOARD MEMBER,ANNETTE ROSS,,277.0,137.0,4.0,414.0,19.0,11.0,3938.0,
RANCHO SANTA FE SCHOOL DISTRICT GOVERNING BOARD MEMBER,"KAREN ""KATE"" BUTLER",,221.0,110.0,3.0,331.0,19.0,11.0,3938.0,
RANCHO SANTA FE SCHOOL DISTRICT GOVERNING BOARD MEMBER,KERRY VINCI,,126.0,63.0,1.0,189.0,19.0,11.0,3938.0,
SAN YSIDRO SCHOOL DISTRICT GOVERNING BOARD MEMBER,JOSE MANUEL DIRCIO,,1329.0,656.0,19.0,1985.0,39.0,23.0,8084.0,2.0
SAN YSIDRO SCHOOL DISTRICT GOVERNING BOARD MEMBER,ANTONIO MARTINEZ,,1260.0,622.0,18.0,1882.0,39.0,23.0,8084.0,
SAN YSIDRO SCHOOL DISTRICT GOVERNING BOARD MEMBER,MARTIN ARIAS,,1164.0,575.0,17.0,1739.0,39.0,23.0,8084.0,
SAN YSIDRO SCHOOL DISTRICT GOVERNING BOARD MEMBER,KENIA PERAZA,,829.0,409.0,12.0,1238.0,39.0,23.0,8084.0,
SAN YSIDRO SCHOOL DISTRICT GOVERNING BOARD MEMBER,ROSALEAH PALLASIGUE,,481.0,238.0,7.0,719.0,39.0,23.0,8084.0,
SAN YSIDRO SCHOOL DISTRICT GOVERNING BOARD MEMBER,YVETTE OLEA,,346.0,172.0,5.0,518.0,39.0,23.0,8084.0,
SANTEE SCHOOL DISTRICT GOVERNING BOARD MEMBER SEAT NO. 4,TRACIE THILL,,4346.0,2143.0,64.0,6489.0,53.0,31.0,10986.0,1.0
SANTEE SCHOOL DISTRICT GOVERNING BOARD MEMBER SEAT NO. 4,MONIQUE SILVER,,3011.0,1485.0,44.0,4496.0,53.0,31.0,10986.0,
SOUTH BAY UNION SCHOOL DISTRICT GOVERNING BOARD MEMBER TRUSTEE AREA NO. 4 (Short Term),"MANUEL ""MANNY"" ESPARZA",,706.0,349.0,10.0,1055.0,8.0,4.0,1658.0,1.0
SOUTH BAY UNION SCHOOL DISTRICT GOVERNING BOARD MEMBER TRUSTEE AREA NO. 4 (Short Term),LIZBETH BECERRA,,403.0,199.0,6.0,602.0,8.0,4.0,1658.0,
"MEMBER, BOARD OF SUPERVISORS DISTRICT NO. 1",ALEJANDRO GALICIA,,35884.0,17691.0,535.0,53575.0,432.0,259.0,89551.0,1.0
"MEMBER, BOARD OF SUPERVISORS DISTRICT NO. 1",NORA VARGAS,,24095.0,11880.0,359.0,35975.0,432.0,259.0,89551.0,
"MEMBER, BOARD OF SUPERVISORS DISTRICT NO. 2",GINA JACOBS,,49969.0,24635.0,746.0,74604.0,556.0,333.0,115256.0,1.0
"MEMBER, BOARD OF SUPERVISORS DISTRICT NO. 2",JOEL ANDERSON,,27227.0,13424.0,406.0,40651.0,556.0,333.0,115256.0,
"MEMBER, BOARD OF SUPERVISORS DISTRICT NO. 3",KEVIN L. FAULCONER,,42097.0,20755.0,628.0,62852.0,503.0,301.0,104269.0,1.0
"MEMBER, BOARD OF SUPERVISORS DISTRICT NO. 3",TERRA LAWSON-REMER,,27740.0,13676.0,414.0,41416.0,503.0,301.0,104269.0,
"CITY OF CARLSBAD MEMBER, CITY COUNCIL DISTRICT NO. 2",TYLER COLLINS,,2468.0,1218.0,36.0,3686.0,30.0,18.0,6218.0,1.0
"CITY OF CARLSBAD MEMBER, CITY COUNCIL DISTRICT NO. 2",KEVIN SHIN,,1695.0,836.0,25.0,2531.0,30.0,18.0,6218.0,
"CITY OF CARLSBAD MEMBER, CITY COUNCIL DISTRICT NO. 4",GREG DAY,,2580.0,1273.0,38.0,3853.0,34.0,20.0,7048.0,1.0
"CITY OF CARLSBAD MEMBER, CITY COUNCIL DISTRICT NO. 4",TERESA ACOSTA,,2139.0,1055.0,31.0,3194.0,34.0,20.0,7048.0,
CITY OF CARLSBAD TREASURER (Short Term),CHRISTIAN PEACOX,,5707.0,2814.0,85.0,8521.0,111.0,66.0,23009.0,1.0
CITY OF CARLSBAD TREASURER (Short Term),GREGORIO KAHN,,5435.0,2680.0,81.0,8115.0,111.0,66.0,23009.0,
CITY OF CARLSBAD TREASURER (Short Term),"THOMAS KROUSE, JR.",,3728.0,1838.0,55.0,5566.0,111.0,66.0,23009.0,
CITY OF CARLSBAD TREASURER (Short Term),MICHAEL J. WILLIAMS,,539.0,266.0,8.0,805.0,111.0,66.0,23009.0,
"CITY OF CHULA VISTA MEMBER, CITY COUNCIL DISTRICT NO. 3",MICHAEL INZUNZA,,3300.0,1627.0,49.0,4927.0,39.0,23.0,8084.0,1.0
"CITY OF CHULA VISTA MEMBER, CITY COUNCIL DISTRICT NO. 3",LETICIA MUNGUIA,,2113.0,1043.0,31.0,3156.0,39.0,23.0,8084.0,
"CITY OF CHULA VISTA MEMBER, CITY COUNCIL DISTRICT NO. 4",CESAR FERNANDEZ,,2626.0,1296.0,39.0,3922.0,35.0,21.0,7255.0,1.0
"CITY OF CHULA VISTA MEMBER, CITY COUNCIL DISTRICT NO. 4",RUDY RAMIREZ,,2231.0,1101.0,33.0,3332.0,35.0,21.0,7255.0,
CITY OF CORONADO MAYOR,CASEY TANAKA,,928.0,458.0,13.0,1386.0,11.0,6.0,2280.0,1.0
CITY OF CORONADO MAYOR,JOHN DUNCAN,,321.0,159.0,4.0,480.0,11.0,6.0,2280.0,
CITY OF CORONADO MAYOR,MIKE DONOVAN,,275.0,137.0,4.0,412.0,11.0,6.0,2280.0,
"CITY OF CORONADO MEMBER, CITY COUNCIL",MARK FLEMING,,450.0,223.0,6.0,673.0,11.0,6.0,2280.0,2.0
"CITY OF CORONADO MEMBER, CITY COUNCIL",CHRISTINE MOTT,,382.0,189.0,5.0,571.0,11.0,6.0,2280.0,
"CITY OF CORONADO MEMBER, CITY COUNCIL",ANDREW GADE,,357.0,177.0,5.0,534.0,11.0,6.0,2280.0,
"CITY OF CORONADO MEMBER, CITY COUNCIL",LAURA WILKINSON SINTON,,233.0,116.0,3.0,349.0,11.0,6.0,2280.0,
"CITY OF CORONADO MEMBER, CITY COUNCIL",MARK WARNER,,83.0,41.0,1.0,124.0,11.0,6.0,2280.0,
"CITY OF CORONADO MEMBER, CITY COUNCIL",AMY STEWARD,,18.0,9.0,0.0,27.0,11.0,6.0,2280.0,
"CITY OF DEL MAR MEMBER, CITY COUNCIL",DANIEL QUIRK,,487.0,241.0,7.0,728.0,5.0,3.0,1036.0,3.0
"CITY OF DEL MAR MEMBER, CITY COUNCIL",TRACY MARTINEZ,,198.0,98.0,2.0,296.0,5.0,3.0,1036.0,
"CITY OF DEL MAR MEMBER, CITY COUNCIL",JOHN W. SPELICH,,6.0,4.0,0.0,10.0,5.0,3.0,1036.0,
"CITY OF EL CAJON MEMBER, CITY COUNCIL DISTRICT NO. 2",MICHELLE METSCHEL,,2221.0,1095.0,33.0,3316.0,16.0,9.0,3316.0,1.0
"CITY OF EL CAJON MEMBER, CITY COUNCIL DISTRICT NO. 3",COURTNEY HALL,,1675.0,826.0,25.0,2501.0,21.0,12.0,4353.0,1.0
"CITY OF EL CAJON MEMBER, CITY COUNCIL DISTRICT NO. 3",STEVE GOBLE,,1239.0,612.0,18.0,1851.0,21.0,12.0,4353.0,
"CITY OF EL CAJON MEMBER, CITY COUNCIL DISTRICT NO. 4",PHIL ORTIZ,,1943.0,959.0,29.0,2902.0,14.0,8.0,2902.0,1.0
CITY OF ENCINITAS MAYOR,BRUCE EHLERS,,4363.0,2151.0,65.0,6514.0,56.0,33.0,11608.0,1.0
CITY OF ENCINITAS MAYOR,TONY KRANZ,,3411.0,1682.0,50.0,5093.0,56.0,33.0,11608.0,
"CITY OF ENCINITAS MEMBER, CITY COUNCIL DISTRICT NO. 1",ALLISON BLACKWELL,,1391.0,687.0,20.0,2078.0,16.0,9.0,3316.0,1.0
"CITY OF ENCINITAS MEMBER, CITY COUNCIL DISTRICT NO. 1",LUKE SHAFFER,,828.0,409.0,12.0,1237.0,16.0,9.0,3316.0,
"CITY OF ENCINITAS MEMBER, CITY COUNCIL DISTRICT NO. 2",DESTINY PRESTON,,876.0,432.0,13.0,1308.0,10.0,6.0,2072.0,1.0
"CITY OF ENCINITAS MEMBER, CITY COUNCIL DISTRICT NO. 2",JIM O'HARA,,511.0,252.0,7.0,763.0,10.0,6.0,2072.0,
"CITY OF ESCONDIDO MEMBER, CITY COUNCIL DISTRICT NO. 3",CHRISTIAN GARCIA,,2363.0,1165.0,35.0,3528.0,34.0,20.0,7048.0,1.0
"CITY OF ESCONDIDO MEMBER, CITY COUNCIL DISTRICT NO. 3",VERONICA CIGARROA,,1722.0,850.0,25.0,2572.0,34.0,20.0,7048.0,
"CITY OF ESCONDIDO MEMBER, CITY COUNCIL DISTRICT NO. 3",CHRISTINE SPENCER,,634.0,313.0,9.0,947.0,34.0,20.0,7048.0,
"CITY OF ESCONDIDO MEMBER, CITY COUNCIL DISTRICT NO. 4",JUDY FITZGERALD,,3290.0,1623.0,49.0,4913.0,42.0,25.0,8706.0,1.0
"CITY OF ESCONDIDO MEMBER, CITY COUNCIL DISTRICT NO. 4","RODERICK ""ROD"" HOWELL",,2539.0,1253.0,37.0,3792.0,42.0,25.0,8706.0,
"CITY OF IMPERIAL BEACH MEMBER, CITY COUNCIL DISTRICT NO. 2","JOHN ""JACK"" FISHER",,382.0,189.0,5.0,571.0,4.0,2.0,829.0,1.0
"CITY OF IMPERIAL BEACH MEMBER, CITY COUNCIL DISTRICT NO. 2","MARTIN ""MARTY"" MATTES",,166.0,82.0,2.0,248.0,4.0,2.0,829.0,
"CITY OF IMPERIAL BEACH MEMBER, CITY COUNCIL DISTRICT NO. 2",BEN SWEARINGEN,,5.0,3.0,0.0,8.0,4.0,2.0,829.0,
"CITY OF IMPERIAL BEACH MEMBER, CITY COUNCIL DISTRICT NO. 4",MATTHEW LEYBA-GONZALEZ,,266.0,132.0,3.0,398.0,3.0,1.0,621.0,1.0
"CITY OF IMPERIAL BEACH MEMBER, CITY COUNCIL DISTRICT NO. 4",LINDA KAYE,,148.0,74.0,2.0,222.0,3.0,1.0,621.0,
"CITY OF LA MESA MEMBER, CITY COUNCIL",SHAWN TOWNSEND,,2405.0,1186.0,35.0,3591.0,37.0,22.0,7669.0,2.0
"CITY OF LA MESA MEMBER, CITY COUNCIL",KRISTINE C. ALESSIO,,2289.0,1129.0,34.0,3418.0,37.0,22.0,7669.0,
"CITY OF LA MESA MEMBER, CITY COUNCIL",LAUREN CAZARES,,229.0,114.0,3.0,343.0,37.0,22.0,7669.0,
"CITY OF LA MESA MEMBER, CITY COUNCIL",GENEVIEVE SUZUKI,,210.0,105.0,3.0,315.0,37.0,22.0,7669.0,
CITY OF LEMON GROVE MAYOR,LIANA LEBARON,,1024.0,506.0,15.0,1530.0,15.0,9.0,3109.0,1.0
CITY OF LEMON GROVE MAYOR,RACQUEL VASQUEZ,,1007.0,497.0,15.0,1504.0,15.0,9.0,3109.0,
CITY OF LEMON GROVE MAYOR,ALYSSON SNOW,,48.0,25.0,0.0,73.0,15.0,9.0,3109.0,
"CITY OF LEMON GROVE MEMBER, CITY COUNCIL","SITIVI ""STEVE"" FAIAI",,1041.0,514.0,15.0,1555.0,15.0,9.0,3109.0,2.0
"CITY OF LEMON GROVE MEMBER, CITY COUNCIL",JESSYKA HEREDIA,,870.0,430.0,13.0,1300.0,15.0,9.0,3109.0,
"CITY OF LEMON GROVE MEMBER, CITY COUNCIL",GEORGE GASTIL,,130.0,65.0,1.0,195.0,15.0,9.0,3109.0,
"CITY OF LEMON GROVE MEMBER, CITY COUNCIL",SETH SMITH,,38.0,20.0,0.0,58.0,15.0,9.0,3109.0,
"CITY OF NATIONAL CITY MEMBER, CITY COUNCIL DISTRICT NO. 2",JOSE RODRIGUEZ,,516.0,255.0,7.0,771.0,6.0,3.0,1243.0,1.0
"CITY OF NATIONAL CITY MEMBER, CITY COUNCIL DISTRICT NO. 2",RANDI CASTLE-SALGADO,,315.0,156.0,4.0,471.0,6.0,3.0,1243.0,
"CITY OF NATIONAL CITY MEMBER, CITY COUNCIL DISTRICT NO. 4",VICTOR M. ARREOLA,,678.0,335.0,10.0,1013.0,9.0,5.0,1865.0,1.0
"CITY OF NATIONAL CITY MEMBER, CITY COUNCIL DISTRICT NO. 4",DANIEL PEREZ,,308.0,153.0,4.0,461.0,9.0,5.0,1865.0,
"CITY OF NATIONAL CITY MEMBER, CITY COUNCIL DISTRICT NO. 4",MARCUS BUSH,,261.0,129.0,3.0,390.0,9.0,5.0,1865.0,
CITY OF OCEANSIDE MAYOR,RYAN KEIM,,9569.0,4719.0,142.0,14288.0,118.0,70.0,24460.0,1.0
CITY OF OCEANSIDE MAYOR,ESTHER SANCHEZ,,6812.0,3359.0,101.0,10171.0,118.0,70.0,24460.0,
"CITY OF OCEANSIDE MEMBER, CITY COUNCIL DISTRICT NO. 3",JIMMY FIGUEROA,,3893.0,1920.0,58.0,5813.0,36.0,21.0,7462.0,1.0
"CITY OF OCEANSIDE MEMBER, CITY COUNCIL DISTRICT NO. 3",TOM DEMOOY,,377.0,186.0,5.0,563.0,36.0,21.0,7462.0,
"CITY OF OCEANSIDE MEMBER, CITY COUNCIL DISTRICT NO. 3",LAURA BASSETT,,363.0,180.0,5.0,543.0,36.0,21.0,7462.0,
"CITY OF OCEANSIDE MEMBER, CITY COUNCIL DISTRICT NO. 3",AUSTIN SORENSEN,,362.0,179.0,5.0,541.0,36.0,21.0,7462.0,
"CITY OF OCEANSIDE MEMBER, CITY COUNCIL DISTRICT NO. 4",OMAR HASHIMI,,2350.0,1160.0,35.0,3510.0,32.0,19.0,6633.0,1.0
"CITY OF OCEANSIDE MEMBER, CITY COUNCIL DISTRICT NO. 4",AMBER KAE NIUATOA,,1148.0,566.0,17.0,1714.0,32.0,19.0,6633.0,
"CITY OF OCEANSIDE MEMBER, CITY COUNCIL DISTRICT NO. 4",PETER WEISS,,943.0,465.0,14.0,1408.0,32.0,19.0,6633.0,
CITY OF OCEANSIDE CITY CLERK,ZEB NAVARRO,,16383.0,8077.0,244.0,24460.0,118.0,70.0,24460.0,1.0
CITY OF OCEANSIDE TREASURER,JACK FERNANDES,,8083.0,3985.0,120.0,12068.0,118.0,70.0,24460.0,1.0
CITY OF OCEANSIDE TREASURER,PHYLLIS DOMINGUEZ,,5428.0,2677.0,81.0,8105.0,118.0,70.0,24460.0,
CITY OF OCEANSIDE TREASURER,VICTOR ROY,,2870.0,1416.0,42.0,4286.0,118.0,70.0,24460.0,
"CITY OF POWAY MEMBER, CITY COUNCIL DISTRICT NO. 2",TONY BLAIN,,702.0,347.0,10.0,1049.0,13.0,7.0,2694.0,1.0
"CITY OF POWAY MEMBER, CITY COUNCIL DISTRICT NO. 2",JARED WILSON,,693.0,343.0,10.0,1036.0,13.0,7.0,2694.0,
"CITY OF POWAY MEMBER, CITY COUNCIL DISTRICT NO. 2",VANESSA SPRINGETT,,407.0,201.0,6.0,608.0,13.0,7.0,2694.0,
"CITY OF POWAY MEMBER, CITY COUNCIL DISTRICT NO. 4",CAYLIN FRANK,,433.0,214.0,6.0,647.0,6.0,3.0,1243.0,1.0
"CITY OF POWAY MEMBER, CITY COUNCIL DISTRICT NO. 4",JENNY C. MAEDA,,398.0,197.0,5.0,595.0,6.0,3.0,1243.0,
"CITY OF SAN DIEGO MEMBER, CITY COUNCIL DISTRICT NO. 9",SEAN ELO-RIVERA,,7549.0,3722.0,112.0,11271.0,89.0,53.0,18449.0,1.0
"CITY OF SAN DIEGO MEMBER, CITY COUNCIL DISTRICT NO. 9",TERRY HOSKINS,,4807.0,2370.0,71.0,7177.0,89.0,53.0,18449.0,
CITY OF SAN DIEGO MAYOR,TODD GLORIA,,74877.0,36915.0,1117.0,111792.0,841.0,504.0,174335.0,1.0
CITY OF SAN DIEGO MAYOR,LARRY TURNER,,41890.0,20652.0,625.0,62542.0,841.0,504.0,174335.0,
"CITY OF SAN DIEGO MEMBER, CITY COUNCIL DISTRICT NO. 3",COLEEN CUSACK,,7936.0,3913.0,118.0,11849.0,91.0,54.0,18863.0,1.0
"CITY OF SAN DIEGO MEMBER, CITY COUNCIL DISTRICT NO. 3",STEPHEN WHITBURN,,4697.0,2316.0,70.0,7013.0,91.0,54.0,18863.0,
CITY OF SAN DIEGO CITY ATTORNEY,BRIAN MAIENSCHEIN,,72964.0,35972.0,1089.0,108936.0,841.0,504.0,174335.0,1.0
CITY OF SAN DIEGO CITY ATTORNEY,HEATHER FERBERT,,43802.0,21596.0,653.0,65398.0,841.0,504.0,174335.0,
"CITY OF SAN MARCOS MEMBER, CITY COUNCIL DISTRICT NO. 3",DANIELLE LEBLANG,,3397.0,1676.0,50.0,5073.0,39.0,23.0,8084.0,1.0
"CITY OF SAN MARCOS MEMBER, CITY COUNCIL DISTRICT NO. 3",ALAN GERACI,,2016.0,994.0,30.0,3010.0,39.0,23.0,8084.0,
"CITY OF SAN MARCOS MEMBER, CITY COUNCIL DISTRICT NO. 4",ED MUSGROVE,,2772.0,1367.0,41.0,4139.0,32.0,19.0,6633.0,1.0
"CITY OF SAN MARCOS MEMBER, CITY COUNCIL DISTRICT NO. 4",NATASHA ZANDER HILMES,,1669.0,824.0,24.0,2493.0,32.0,19.0,6633.0,
CITY OF SANTEE MAYOR,JOHN W. MINTO,,2866.0,1414.0,42.0,4280.0,38.0,22.0,7877.0,1.0
CITY OF SANTEE MAYOR,KELLI L. O'BRIEN,,2408.0,1188.0,35.0,3596.0,38.0,22.0,7877.0,
"CITY OF SANTEE MEMBER, CITY COUNCIL DISTRICT NO. 3",LAURA KOVAL,,1249.0,616.0,18.0,1865.0,9.0,5.0,1865.0,1.0
"CITY OF SANTEE MEMBER, CITY COUNCIL DISTRICT NO. 4",DUSTIN TROTTER,,653.0,322.0,9.0,975.0,8.0,4.0,1658.0,1.0
"CITY OF SANTEE MEMBER, CITY COUNCIL DISTRICT NO. 4",AUGIE SCALZITTI,,456.0,226.0,6.0,682.0,8.0,4.0,1658.0,
"CITY OF VISTA MEMBER, CITY COUNCIL DISTRICT NO. 2",JEFF FOX,,1496.0,739.0,22.0,2235.0,18.0,10.0,3731.0,1.0
"CITY OF VISTA MEMBER, CITY COUNCIL DISTRICT NO. 2",ANTHONY WHITE,,1001.0,494.0,14.0,1495.0,18.0,10.0,3731.0,
"CITY OF VISTA MEMBER, CITY COUNCIL DISTRICT NO. 3",KATIE MELENDEZ,,1168.0,577.0,17.0,1745.0,14.0,8.0,2902.0,1.0
"CITY OF VISTA MEMBER, CITY COUNCIL DISTRICT NO. 3",DENISSE BARRAGAN,,774.0,382.0,11.0,1156.0,14.0,8.0,2902.0,
"BORREGO WATER DISTRICT MEMBER, BOARD OF DIRECTORS",MARTHA DEICHLER,,286.0,141.0,4.0,427.0,3.0,1.0,621.0,2.0
"BORREGO WATER DISTRICT MEMBER, BOARD OF DIRECTORS",DIANE E. JOHNSON,,94.0,47.0,1.0,141.0,3.0,1.0,621.0,
"BORREGO WATER DISTRICT MEMBER, BOARD OF DIRECTORS",TAMMY BAKER,,24.0,13.0,0.0,37.0,3.0,1.0,621.0,
"BORREGO WATER DISTRICT MEMBER, BOARD OF DIRECTORS",PETER KELLNER,,10.0,5.0,0.0,15.0,3.0,1.0,621.0,
"CANEBRAKE COUNTY WATER DISTRICT MEMBER, BOARD OF DIRECTORS",CHRISTOPHER MACDONALD,,361.0,179.0,5.0,540.0,4.0,2.0,829.0,2.0
"CANEBRAKE COUNTY WATER DISTRICT MEMBER, BOARD OF DIRECTORS",MARSHA CAMPBELL,,192.0,96.0,2.0,288.0,4.0,2.0,829.0,
"CANEBRAKE COUNTY WATER DISTRICT MEMBER, BOARD OF DIRECTORS",JERALD BUCHEIT,,0.0,0.0,0.0,0.0,4.0,2.0,829.0,
"FALLBROOK COMMUNITY PLANNING GROUP MEMBER, PLANNING GROUP",JIM LOGE,,3780.0,1865.0,56.0,5645.0,76.0,45.0,15754.0,8.0
"FALLBROOK COMMUNITY PLANNING GROUP MEMBER, PLANNING GROUP",LEE J. DE MEO,,2067.0,1020.0,30.0,3087.0,76.0,45.0,15754.0,
"FALLBROOK COMMUNITY PLANNING GROUP MEMBER, PLANNING GROUP",THOMAS GERALD HARRINGTON IV,,1557.0,768.0,23.0,2325.0,76.0,45.0,15754.0,
"FALLBROOK COMMUNITY PLANNING GROUP MEMBER, PLANNING GROUP",MARK HOYE,,1041.0,514.0,15.0,1555.0,76.0,45.0,15754.0,
"FALLBROOK COMMUNITY PLANNING GROUP MEMBER, PLANNING GROUP",MARK MERVICH,,700.0,346.0,10.0,1046.0,76.0,45.0,15754.0,
"FALLBROOK COMMUNITY PLANNING GROUP MEMBER, PLANNING GROUP","KATHLEEN ""KATHIE"" MORRIS",,614.0,303.0,9.0,917.0,76.0,45.0,15754.0,
"FALLBROOK COMMUNITY PLANNING GROUP MEMBER, PLANNING GROUP",ROY MOOSA,,519.0,256.0,7.0,775.0,76.0,45.0,15754.0,
"FALLBROOK COMMUNITY PLANNING GROUP MEMBER, PLANNING GROUP",ALDO ALVIDRES,,157.0,78.0,2.0,235.0,76.0,45.0,15754.0,
"FALLBROOK COMMUNITY PLANNING GROUP MEMBER, PLANNING GROUP",ROSS PIKE,,55.0,28.0,0.0,83.0,76.0,45.0,15754.0,
"FALLBROOK COMMUNITY PLANNING GROUP MEMBER, PLANNING GROUP",STEPHANI BAXTER,,54.0,27.0,0.0,81.0,76.0,45.0,15754.0,
"GROSSMONT HEALTHCARE DISTRICT MEMBER, BOARD OF DIRECTORS ZONE NO. 3",NADIA FARJOOD,,6122.0,3019.0,91.0,9141.0,83.0,49.0,17205.0,1.0
"GROSSMONT HEALTHCARE DISTRICT MEMBER, BOARD OF DIRECTORS ZONE NO. 3",BRENDA MILLER,,5400.0,2663.0,80.0,8063.0,83.0,49.0,17205.0,
"HELIX WATER DISTRICT MEMBER, BOARD OF DIRECTORS DIVISION NO. 3",JEANETTE ERICKSON,,3129.0,1544.0,46.0,4673.0,35.0,21.0,7255.0,1.0
"HELIX WATER DISTRICT MEMBER, BOARD OF DIRECTORS DIVISION NO. 3",MARK A. GRACYK,,1728.0,853.0,25.0,2581.0,35.0,21.0,7255.0,
"LAKESIDE FIRE PROTECTION DISTRICT MEMBER, BOARD OF DIRECTORS DIVISION NO. 3",SANDRA DEAKINS,,1592.0,786.0,23.0,2378.0,19.0,11.0,3938.0,1.0
"LAKESIDE FIRE PROTECTION DISTRICT MEMBER, BOARD OF DIRECTORS DIVISION NO. 3",JAMES BINGHAM,,1044.0,515.0,15.0,1559.0,19.0,11.0,3938.0,
"LAKESIDE WATER DISTRICT MEMBER, BOARD OF DIRECTORS DIVISION NO. 4",STEVE ROBAK,,760.0,375.0,11.0,1135.0,9.0,5.0,1865.0,1.0
"LAKESIDE WATER DISTRICT MEMBER, BOARD OF DIRECTORS DIVISION NO. 4",JEANNE SWARINGEN,,488.0,241.0,7.0,729.0,9.0,5.0,1865.0,
"MORRO HILLS COMMUNITY SERVICES DISTRICT MEMBER, BOARD OF DIRECTORS",THOMAS HARRINGTON III,,286.0,141.0,4.0,427.0,6.0,3.0,1243.0,3.0
"MORRO HILLS COMMUNITY SERVICES DISTRICT MEMBER, BOARD OF DIRECTORS",JEANINE ROSKOS,,238.0,118.0,3.0,356.0,6.0,3.0,1243.0,
"MORRO HILLS COMMUNITY SERVICES DISTRICT MEMBER, BOARD OF DIRECTORS",CHARLENE WEBER,,179.0,89.0,2.0,268.0,6.0,3.0,1243.0,
"MORRO HILLS COMMUNITY SERVICES DISTRICT MEMBER, BOARD OF DIRECTORS",BILL WEBER,,85.0,42.0,1.0,127.0,6.0,3.0,1243.0,
"MORRO HILLS COMMUNITY SERVICES DISTRICT MEMBER, BOARD OF DIRECTORS",JEFF WALKER,,42.0,21.0,0.0,63.0,6.0,3.0,1243.0,
"NORTH COUNTY FIRE PROTECTION DISTRICT MEMBER, BOARD OF DIRECTORS DIVISION NO. 1",ROSS PIKE,,398.0,197.0,5.0,595.0,5.0,3.0,1036.0,1.0
"NORTH COUNTY FIRE PROTECTION DISTRICT MEMBER, BOARD OF DIRECTORS DIVISION NO. 1",JEANETTE BARRAGAN,,294.0,146.0,4.0,440.0,5.0,3.0,1036.0,
"NORTH COUNTY FIRE PROTECTION DISTRICT MEMBER, BOARD OF DIRECTORS DIVISION NO. 4",JEFF EGKAN,,1946.0,960.0,29.0,2906.0,26.0,15.0,5389.0,1.0
"NORTH COUNTY FIRE PROTECTION DISTRICT MEMBER, BOARD OF DIRECTORS DIVISION NO. 4",JOHN VAN DOORN,,1662.0,820.0,24.0,2482.0,26.0,15.0,5389.0,
"NORTH COUNTY FIRE PROTECTION DISTRICT MEMBER, BOARD OF DIRECTORS DIVISION NO. 5",SHEILA A. LANCASTER,,1980.0,977.0,29.0,2957.0,27.0,16.0,5596.0,1.0
"NORTH COUNTY FIRE PROTECTION DISTRICT MEMBER, BOARD OF DIRECTORS DIVISION NO. 5",MARK BARTHOLOMEW,,1766.0,872.0,26.0,2638.0,27.0,16.0,5596.0,
"OLIVENHAIN MUNICIPAL WATER DISTRICT MEMBER, BOARD OF DIRECTORS DIVISION NO. 2",SCOTT MALONI,,1683.0,831.0,25.0,2514.0,19.0,11.0,3938.0,1.0
"OLIVENHAIN MUNICIPAL WATER DISTRICT MEMBER, BOARD OF DIRECTORS DIVISION NO. 2",ERIC K. ARMSTRONG,,655.0,323.0,9.0,978.0,19.0,11.0,3938.0,
"OLIVENHAIN MUNICIPAL WATER DISTRICT MEMBER, BOARD OF DIRECTORS DIVISION NO. 2",ERIC T. ANDERSON,,202.0,100.0,3.0,302.0,19.0,11.0,3938.0,
"OLIVENHAIN MUNICIPAL WATER DISTRICT MEMBER, BOARD OF DIRECTORS DIVISION NO. 2",GREG BARTH,,95.0,47.0,1.0,142.0,19.0,11.0,3938.0,
"OLIVENHAIN MUNICIPAL WATER DISTRICT MEMBER, BOARD OF DIRECTORS DIVISION NO. 5",NEAL MEYERS,,2540.0,1253.0,37.0,3793.0,32.0,19.0,6633.0,1.0
"OLIVENHAIN MUNICIPAL WATER DISTRICT MEMBER, BOARD OF DIRECTORS DIVISION NO. 5",CHRIS CIEPLEY,,1901.0,938.0,28.0,2839.0,32.0,19.0,6633.0,
"OTAY WATER DISTRICT MEMBER, BOARD OF DIRECTORS DIVISION NO. 2",DELFINA GONZALEZ,,3373.0,1663.0,50.0,5036.0,46.0,27.0,9535.0,1.0
"OTAY WATER DISTRICT MEMBER, BOARD OF DIRECTORS DIVISION NO. 2",RYAN KEYES,,3012.0,1486.0,44.0,4498.0,46.0,27.0,9535.0,
"OTAY WATER DISTRICT MEMBER, BOARD OF DIRECTORS DIVISION NO. 5",GREGORY J MARTINEZ,,4493.0,2216.0,67.0,6709.0,58.0,34.0,12023.0,1.0
"OTAY WATER DISTRICT MEMBER, BOARD OF DIRECTORS DIVISION NO. 5",MARK ROBAK,,3558.0,1755.0,53.0,5313.0,58.0,34.0,12023.0,
"PADRE DAM MUNICIPAL WATER DISTRICT MEMBER, BOARD OF DIRECTORS DIVISION NO. 2","ROBERT ""BOB"" T. LLOYD SR.",,1172.0,578.0,17.0,1750.0,14.0,8.0,2902.0,1.0
"PADRE DAM MUNICIPAL WATER DISTRICT MEMBER, BOARD OF DIRECTORS DIVISION NO. 2",SUZANNE TILL,,770.0,381.0,11.0,1151.0,14.0,8.0,2902.0,
"PADRE DAM MUNICIPAL WATER DISTRICT MEMBER, BOARD OF DIRECTORS DIVISION NO. 4",KIM HALES,,2060.0,1016.0,30.0,3076.0,27.0,16.0,5596.0,1.0
"PADRE DAM MUNICIPAL WATER DISTRICT MEMBER, BOARD OF DIRECTORS DIVISION NO. 4",IVAN ANDUJAR,,1687.0,832.0,25.0,2519.0,27.0,16.0,5596.0,
"PALOMAR HEALTH MEMBER, BOARD OF DIRECTORS DIVISION NO. 4",ABBI L. JAHAASKI,,4220.0,2081.0,63.0,6301.0,48.0,28.0,9950.0,1.0
"PALOMAR HEALTH MEMBER, BOARD OF DIRECTORS DIVISION NO. 4",LAURA  BARRY,,2443.0,1205.0,36.0,3648.0,48.0,28.0,9950.0,
"PALOMAR HEALTH MEMBER, BOARD OF DIRECTORS DIVISION NO. 6",GAURAV DHIMAN,,4651.0,2293.0,69.0,6944.0,88.0,52.0,18242.0,1.0
"PALOMAR HEALTH MEMBER, BOARD OF DIRECTORS DIVISION NO. 6",JOE MUGA,,4622.0,2279.0,69.0,6901.0,88.0,52.0,18242.0,
"PALOMAR HEALTH MEMBER, BOARD OF DIRECTORS DIVISION NO. 6",JEFF GRIFFITH,,2944.0,1452.0,43.0,4396.0,88.0,52.0,18242.0,
"PAUMA VALLEY COMMUNITY SERVICES DISTRICT MEMBER, BOARD OF DIRECTORS (Short Term)",LOLO LEVY,,212.0,105.0,3.0,317.0,4.0,2.0,829.0,2.0
"PAUMA VALLEY COMMUNITY SERVICES DISTRICT MEMBER, BOARD OF DIRECTORS (Short Term)",MICHAEL ESPARZA,,211.0,105.0,3.0,316.0,4.0,2.0,829.0,
"PAUMA VALLEY COMMUNITY SERVICES DISTRICT MEMBER, BOARD OF DIRECTORS (Short Term)",BILL COLLIER,,129.0,65.0,1.0,194.0,4.0,2.0,829.0,
"RAINBOW MUNICIPAL WATER DISTRICT MEMBER, BOARD OF DIRECTORS DIVISION NO. 1",LISA HOFFMAN,,2568.0,1267.0,38.0,3835.0,31.0,18.0,6426.0,1.0
"RAINBOW MUNICIPAL WATER DISTRICT MEMBER, BOARD OF DIRECTORS DIVISION NO. 1",JULIE JOHNSON,,1734.0,856.0,25.0,2590.0,31.0,18.0,6426.0,
"RAINBOW MUNICIPAL WATER DISTRICT MEMBER, BOARD OF DIRECTORS DIVISION NO. 3 (Short Term)",GREG IRVINE,,1008.0,498.0,15.0,1506.0,12.0,7.0,2487.0,1.0
"RAINBOW MUNICIPAL WATER DISTRICT MEMBER, BOARD OF DIRECTORS DIVISION NO. 3 (Short Term)",CARI DALE,,656.0,324.0,9.0,980.0,12.0,7.0,2487.0,
"RANCHO SANTA FE FIRE PROTECTION DISTRICT MEMBER, BOARD OF DIRECTORS",DOUGLAS DILL,,2952.0,1456.0,44.0,4408.0,59.0,35.0,12230.0,3.0
"RANCHO SANTA FE FIRE PROTECTION DISTRICT MEMBER, BOARD OF DIRECTORS",NANCY C. HILLGREN,,2166.0,1069.0,32.0,3235.0,59.0,35.0,12230.0,
"RANCHO SANTA FE FIRE PROTECTION DISTRICT MEMBER, BOARD OF DIRECTORS",RANDALL MALIN,,1241.0,613.0,18.0,1854.0,59.0,35.0,12230.0,
"RANCHO SANTA FE FIRE PROTECTION DISTRICT MEMBER, BOARD OF DIRECTORS",JAMES H. ASHCRAFT,,919.0,454.0,13.0,1373.0,59.0,35.0,12230.0,
"RANCHO SANTA FE FIRE PROTECTION DISTRICT MEMBER, BOARD OF DIRECTORS",KEVIN BARNARD,,777.0,384.0,11.0,1161.0,59.0,35.0,12230.0,
"RANCHO SANTA FE FIRE PROTECTION DISTRICT MEMBER, BOARD OF DIRECTORS",ANDREW KRYNEN,,131.0,65.0,1.0,196.0,59.0,35.0,12230.0,
"SOUTH BAY WATER DISTRICT MEMBER, BOARD OF DIRECTORS DIVISION NO. 5",JOSIE CALDERON - SCOTT,,4196.0,2069.0,62.0,6265.0,57.0,34.0,11815.0,1.0
"SOUTH BAY WATER DISTRICT MEMBER, BOARD OF DIRECTORS DIVISION NO. 5",ELIZABETH COX,,3716.0,1833.0,55.0,5549.0,57.0,34.0,11815.0,
"SWEETWATER COMMUNITY PLANNING GROUP MEMBER, PLANNING GROUP",FELIX M. FELIX,,1619.0,799.0,24.0,2418.0,51.0,30.0,10572.0,8.0
"SWEETWATER COMMUNITY PLANNING GROUP MEMBER, PLANNING GROUP",JUDITH A. TIEBER,,1437.0,709.0,21.0,2146.0,51.0,30.0,10572.0,
"SWEETWATER COMMUNITY PLANNING GROUP MEMBER, PLANNING GROUP",MICHAEL GARROD,,1218.0,601.0,18.0,1819.0,51.0,30.0,10572.0,
"SWEETWATER COMMUNITY PLANNING GROUP MEMBER, PLANNING GROUP",MARK KUKUCHEK,,1139.0,562.0,17.0,1701.0,51.0,30.0,10572.0,
"SWEETWATER COMMUNITY PLANNING GROUP MEMBER, PLANNING GROUP",PATTY O'MARA,,782.0,386.0,11.0,1168.0,51.0,30.0,10572.0,
"SWEETWATER COMMUNITY PLANNING GROUP MEMBER, PLANNING GROUP",PENNI WILSON-NEELY,,340.0,168.0,5.0,508.0,51.0,30.0,10572.0,
"SWEETWATER COMMUNITY PLANNING GROUP MEMBER, PLANNING GROUP",UWE WERNER,,291.0,144.0,4.0,435.0,51.0,30.0,10572.0,
"SWEETWATER COMMUNITY PLANNING GROUP MEMBER, PLANNING GROUP",ELIZABETH LEE STONEHOUSE,,182.0,90.0,2.0,272.0,51.0,30.0,10572.0,
"SWEETWATER COMMUNITY PLANNING GROUP MEMBER, PLANNING GROUP",STEPHEN STONEHOUSE,,67.0,34.0,1.0,101.0,51.0,30.0,10572.0,
"TRI-CITY HEALTHCARE DISTRICT MEMBER, BOARD OF DIRECTORS ZONE NO. 1",ALLEN L NEWSOME,,7680.0,3787.0,114.0,11467.0,93.0,55.0,19278.0,1.0
"TRI-CITY HEALTHCARE DISTRICT MEMBER, BOARD OF DIRECTORS ZONE NO. 1",ADELA IRMA SANCHEZ,,5231.0,2579.0,78.0,7810.0,93.0,55.0,19278.0,
"TRI-CITY HEALTHCARE DISTRICT MEMBER, BOARD OF DIRECTORS ZONE NO. 5",AARON J. BYZAK,,3444.0,1698.0,51.0,5142.0,47.0,28.0,9742.0,1.0
"TRI-CITY HEALTHCARE DISTRICT MEMBER, BOARD OF DIRECTORS ZONE NO. 5",SHEILA BROWN,,3080.0,1519.0,45.0,4599.0,47.0,28.0,9742.0,
"TRI-CITY HEALTHCARE DISTRICT MEMBER, BOARD OF DIRECTORS ZONE NO. 7",VALERIE MITCHELL,,3968.0,1957.0,59.0,5925.0,52.0,31.0,10779.0,1.0
"TRI-CITY HEALTHCARE DISTRICT MEMBER, BOARD OF DIRECTORS ZONE NO. 7",NINA CHAYA,,3250.0,1603.0,48.0,4853.0,52.0,31.0,10779.0,
"VALLECITOS WATER DISTRICT MEMBER, BOARD OF DIRECTORS DIVISION NO. 4",ERIK A. GROSET,,3369.0,1661.0,50.0,5030.0,42.0,25.0,8706.0,1.0
"VALLECITOS WATER DISTRICT MEMBER, BOARD OF DIRECTORS DIVISION NO. 4",JENNIFER KERSCHBAUM,,2461.0,1214.0,36.0,3675.0,42.0,25.0,8706.0,
"VALLECITOS WATER DISTRICT MEMBER, BOARD OF DIRECTORS DIVISION NO. 5",TIFFANY BOYD-HODGSON,,2760.0,1362.0,41.0,4122.0,33.0,19.0,6840.0,1.0
"VALLECITOS WATER DISTRICT MEMBER, BOARD OF DIRECTORS DIVISION NO. 5","HENRY ""WALLY"" SIMPSON",,1819.0,898.0,27.0,2717.0,33.0,19.0,6840.0,
"VALLEY CENTER COMMUNITY PLANNING GROUP MEMBER, PLANNING GROUP",BOB LITTLEJOHN,,1038.0,512.0,15.0,1550.0,29.0,17.0,6011.0,8.0
"VALLEY CENTER COMMUNITY PLANNING GROUP MEMBER, PLANNING GROUP",KAREN A. LIEBER,,700.0,346.0,10.0,1046.0,29.0,17.0,6011.0,
"VALLEY CENTER COMMUNITY PLANNING GROUP MEMBER, PLANNING GROUP",RANDY LIUAG,,488.0,242.0,7.0,730.0,29.0,17.0,6011.0,
"VALLEY CENTER COMMUNITY PLANNING GROUP MEMBER, PLANNING GROUP",MARY HOPE L. HODSON,,466.0,230.0,6.0,696.0,29.0,17.0,6011.0,
"VALLEY CENTER COMMUNITY PLANNING GROUP MEMBER, PLANNING GROUP",PATRICK MALLOY,,423.0,210.0,6.0,633.0,29.0,17.0,6011.0,
"VALLEY CENTER COMMUNITY PLANNING GROUP MEMBER, PLANNING GROUP",LISA ADAMS,,361.0,178.0,5.0,539.0,29.0,17.0,6011.0,
"VALLEY CENTER COMMUNITY PLANNING GROUP MEMBER, PLANNING GROUP",DORI  RATTRAY,,175.0,87.0,2.0,262.0,29.0,17.0,6011.0,
"VALLEY CENTER COMMUNITY PLANNING GROUP MEMBER, PLANNING GROUP",DELORES CHAVEZ HARMES,,104.0,52.0,1.0,156.0,29.0,17.0,6011.0,
"VALLEY CENTER COMMUNITY PLANNING GROUP MEMBER, PLANNING GROUP","CHRISTOPHER ""CHRIS"" BARBER",,88.0,44.0,1.0,132.0,29.0,17.0,6011.0,
"VALLEY CENTER COMMUNITY PLANNING GROUP MEMBER, PLANNING GROUP",S. MICHELLE BOTHOF,,75.0,38.0,1.0,113.0,29.0,17.0,6011.0,
"VALLEY CENTER COMMUNITY PLANNING GROUP MEMBER, PLANNING GROUP",ANDREW NOLL,,67.0,34.0,1.0,101.0,29.0,17.0,6011.0,
"VALLEY CENTER COMMUNITY PLANNING GROUP MEMBER, PLANNING GROUP",TOM J. STINSON,,32.0,16.0,0.0,48.0,29.0,17.0,6011.0,
"VISTA FIRE PROTECTION DISTRICT MEMBER, BOARD OF DIRECTORS DIVISION B",ROB FOUGNER,,1555.0,767.0,23.0,2322.0,18.0,10.0,3731.0,1.0
"VISTA FIRE PROTECTION DISTRICT MEMBER, BOARD OF DIRECTORS DIVISION B",RICHARD TILCH,,943.0,465.0,14.0,1408.0,18.0,10.0,3731.0,
"VISTA IRRIGATION DISTRICT MEMBER, BOARD OF DIRECTORS DIVISION NO. 2",BYRON L. OLSON,,1413.0,698.0,21.0,2111.0,19.0,11.0,3938.0,1.0
"VISTA IRRIGATION DISTRICT MEMBER, BOARD OF DIRECTORS DIVISION NO. 2",KAREN M. WILCOX,,1223.0,603.0,18.0,1826.0,19.0,11.0,3938.0,
"VISTA IRRIGATION DISTRICT MEMBER, BOARD OF DIRECTORS DIVISION NO. 5",BILL HARD,,5515.0,2719.0,82.0,8234.0,76.0,45.0,15754.0,1.0
"VISTA IRRIGATION DISTRICT MEMBER, BOARD OF DIRECTORS DIVISION NO. 5",JO  MACKENZIE,,5036.0,2483.0,75.0,7519.0,76.0,45.0,15754.0,
PROP 2 - PUBLIC SCHOOL AND COMMUNITY COLLEGE FACILITIES BONDS - Majority-Required to pass,YES,,200321.0,98760.0,2990.0,299081.0,2669.0,1601.0,553272.0,1.0
PROP 2 - PUBLIC SCHOOL AND COMMUNITY COLLEGE FACILITIES BONDS - Majority-Required to pass,NO,,170254.0,83936.0,2541.0,254190.0,2669.0,1601.0,553272.0,
PROP 3 - RIGHT TO MARRIAGE CONSTITUTIONAL AMENDMENT - Majority-Required to pass,YES,,229981.0,113382.0,3433.0,343363.0,2669.0,1601.0,553272.0,1.0
PROP 3 - RIGHT TO MARRIAGE CONSTITUTIONAL AMENDMENT - Majority-Required to pass,NO,,140594.0,69314.0,2099.0,209908.0,2669.0,1601.0,553272.0,
"PROP 4 - SAFE DRINKING WATER, WILDFIRE PREVENTION AND CLIMATE RISK BONDS - Majority-Required to pass",YES,,226792.0,111810.0,3386.0,338602.0,2669.0,1601.0,553272.0,1.0
"PROP 4 - SAFE DRINKING WATER, WILDFIRE PREVENTION AND CLIMATE RISK BONDS - Majority-Required to pass",NO,,143783.0,70886.0,2146.0,214669.0,2669.0,1601.0,553272.0,
PROP 5 - AFFORDABLE HOUSING AND PUBLIC INFRASTRUCTURE BONDS - 55% Required to pass,YES,,235478.0,116092.0,3515.0,351570.0,2669.0,1601.0,553272.0,1.0
PROP 5 - AFFORDABLE HOUSING AND PUBLIC INFRASTRUCTURE BONDS - 55% Required to pass,NO,,135097.0,66604.0,2017.0,201701.0,2669.0,1601.0,553272.0,
PROP 6 - ELIMINATES INVOLUNTARY SERVITUDE FOR INCARCERATED PERSONS - Majority-Required to pass,YES,,224373.0,110617.0,3349.0,334990.0,2669.0,1601.0,553272.0,1.0
PROP 6 - ELIMINATES INVOLUNTARY SERVITUDE FOR INCARCERATED PERSONS - Majority-Required to pass,NO,,146202.0,72079.0,2182.0,218281.0,2669.0,1601.0,553272.0,
PROP 32 - RAISES MINIMUM WAGE - Majority-Required to pass,YES,,230739.0,113756.0,3444.0,344495.0,2669.0,1601.0,553272.0,1.0
PROP 32 - RAISES MINIMUM WAGE - Majority-Required to pass,NO,,139836.0,68940.0,2087.0,208776.0,2669.0,1601.0,553272.0,
PROP 33 - EXPANDS LOCAL AUTHORITY TO ENACT RENT CONTROL - Majority-Required to pass,YES,,230574.0,113674.0,3442.0,344248.0,2669.0,1601.0,553272.0,1.0
PROP 33 - EXPANDS LOCAL AUTHORITY TO ENACT RENT CONTROL - Majority-Required to pass,NO,,140001.0,69022.0,2090.0,209023.0,2669.0,1601.0,553272.0,
PROP 34 - RESTRICTS SPENDING OF PRESCRIPTION DRUG REVENUES BY CERTAIN HEALTH CARE PROVIDERS - Majority-Required to pass,YES,,203750.0,100450.0,3042.0,304200.0,2669.0,1601.0,553272.0,1.0
PROP 34 - RESTRICTS SPENDING OF PRESCRIPTION DRUG REVENUES BY CERTAIN HEALTH CARE PROVIDERS - Majority-Required to pass,NO,,166825.0,82246.0,2490.0,249071.0,2669.0,1601.0,553272.0,
PROP 35 - PERMANENT FUNDING FOR MEDI-CAL HEALTH CARE SERVICES - Majority-Required to pass,YES,,193501.0,95398.0,2888.0,288899.0,2669.0,1601.0,553272.0,1.0
PROP 35 - PERMANENT FUNDING FOR MEDI-CAL HEALTH CARE SERVICES - Majority-Required to pass,NO,,177073.0,87299.0,2643.0,264372.0,2669.0,1601.0,553272.0,
PROP 36 - ALLOWS FELONY CHARGES AND INCREASES SENTENCES FOR CERTAIN CRIMES - Majority-Required to pass,YES,,204361.0,100752.0,3051.0,305113.0,2669.0,1601.0,553272.0,1.0
PROP 36 - ALLOWS FELONY CHARGES AND INCREASES SENTENCES FOR CERTAIN CRIMES - Majority-Required to pass,NO,,166213.0,81945.0,2481.0,248158.0,2669.0,1601.0,553272.0,
SAN DIEGO COMMUNITY COLLEGE DISTRICT - MEASURE HH - 55% Required to pass,BONDS - YES,,43545.0,21469.0,650.0,65014.0,591.0,354.0,122511.0,1.0
SAN DIEGO COMMUNITY COLLEGE DISTRICT - MEASURE HH - 55% Required to pass,BONDS - NO,,38510.0,18986.0,574.0,57496.0,591.0,354.0,122511.0,
SOUTHWESTERN COMMUNITY COLLEGE DISTRICT - MEASURE SW - 55% Required to pass,BONDS - YES,,28356.0,13980.0,423.0,42336.0,362.0,217.0,75041.0,1.0
SOUTHWESTERN COMMUNITY COLLEGE DISTRICT - MEASURE SW - 55% Required to pass,BONDS - NO,,21904.0,10800.0,327.0,32704.0,362.0,217.0,75041.0,
BONSALL UNIFIED SCHOOL DISTRICT - MEASURE V - 55% Required to pass,BONDS - YES,,6987.0,3446.0,104.0,10433.0,82.0,49.0,16998.0,1.0
BONSALL UNIFIED SCHOOL DISTRICT - MEASURE V - 55% Required to pass,BONDS - NO,,4396.0,2168.0,65.0,6564.0,82.0,49.0,16998.0,
RAMONA UNIFIED SCHOOL DISTRICT - MEASURE GG - 55% Required to pass,BONDS - YES,,2614.0,1289.0,39.0,3903.0,29.0,17.0,6011.0,1.0
RAMONA UNIFIED SCHOOL DISTRICT - MEASURE GG - 55% Required to pass,BONDS - NO,,1411.0,696.0,21.0,2107.0,29.0,17.0,6011.0,
SAN MARCOS UNIFIED SCHOOL DISTRICT - MEASURE JJ - 55% Required to pass,BONDS - YES,,13405.0,6610.0,200.0,20015.0,181.0,108.0,37520.0,1.0
SAN MARCOS UNIFIED SCHOOL DISTRICT - MEASURE JJ - 55% Required to pass,BONDS - NO,,11724.0,5780.0,175.0,17504.0,181.0,108.0,37520.0,
VALLEY CENTER-PAUMA UNIFIED SCHOOL DISTRICT - MEASURE SS - 55% Required to pass,BONDS - YES,,2883.0,1422.0,43.0,4305.0,36.0,21.0,7462.0,1.0
VALLEY CENTER-PAUMA UNIFIED SCHOOL DISTRICT - MEASURE SS - 55% Required to pass,BONDS - NO,,2113.0,1043.0,31.0,3156.0,36.0,21.0,7462.0,
WARNER UNIFIED SCHOOL DISTRICT - MEASURE TT - 55% Required to pass,BONDS - YES,,442.0,219.0,6.0,661.0,6.0,3.0,1243.0,1.0
WARNER UNIFIED SCHOOL DISTRICT - MEASURE TT - 55% Required to pass,BONDS - NO,,389.0,192.0,5.0,581.0,6.0,3.0,1243.0,
FALLBROOK UNION HIGH SCHOOL DISTRICT - MEASURE BB - 55% Required to pass,BONDS - YES,,5050.0,2490.0,75.0,7540.0,62.0,37.0,12852.0,1.0
FALLBROOK UNION HIGH SCHOOL DISTRICT - MEASURE BB - 55% Required to pass,BONDS - NO,,3557.0,1754.0,53.0,5311.0,62.0,37.0,12852.0,
SWEETWATER UNION HIGH SCHOOL DISTRICT - MEASURE RR - 55% Required to pass,BONDS - YES,,30205.0,14892.0,450.0,45097.0,355.0,213.0,73589.0,1.0
SWEETWATER UNION HIGH SCHOOL DISTRICT - MEASURE RR - 55% Required to pass,BONDS - NO,,19083.0,9408.0,284.0,28491.0,355.0,213.0,73589.0,
ALPINE UNION SCHOOL DISTRICT - MEASURE U - 55% Required to pass,BONDS - YES,,1789.0,883.0,26.0,2672.0,22.0,13.0,4560.0,1.0
ALPINE UNION SCHOOL DISTRICT - MEASURE U - 55% Required to pass,BONDS - NO,,1263.0,624.0,18.0,1887.0,22.0,13.0,4560.0,
CAJON VALLEY UNION SCHOOL DISTRICT - MEASURE W - 55% Required to pass,BONDS - YES,,11038.0,5442.0,164.0,16480.0,147.0,88.0,30472.0,1.0
CAJON VALLEY UNION SCHOOL DISTRICT - MEASURE W - 55% Required to pass,BONDS - NO,,9371.0,4620.0,139.0,13991.0,147.0,88.0,30472.0,
CHULA VISTA ELEMENTARY SCHOOL DISTRICT - MEASURE AA - 55% Required to pass,BONDS - YES,,17012.0,8388.0,254.0,25400.0,234.0,140.0,48507.0,1.0
CHULA VISTA ELEMENTARY SCHOOL DISTRICT - MEASURE AA - 55% Required to pass,BONDS - NO,,15476.0,7630.0,231.0,23106.0,234.0,140.0,48507.0,
DEHESA SCHOOL DISTRICT - MEASURE Y - 55% Required to pass,BONDS - YES,,1384.0,683.0,20.0,2067.0,18.0,10.0,3731.0,1.0
DEHESA SCHOOL DISTRICT - MEASURE Y - 55% Required to pass,BONDS - NO,,1113.0,550.0,16.0,1663.0,18.0,10.0,3731.0,
ENCINITAS UNION SCHOOL DISTRICT - MEASURE Z - 55% Required to pass,BONDS - YES,,6922.0,3413.0,103.0,10335.0,83.0,49.0,17205.0,1.0
ENCINITAS UNION SCHOOL DISTRICT - MEASURE Z - 55% Required to pass,BONDS - NO,,4600.0,2269.0,68.0,6869.0,83.0,49.0,17205.0,
LEMON GROVE SCHOOL DISTRICT - MEASURE CC - 55% Required to pass,BONDS - YES,,2494.0,1231.0,37.0,3725.0,31.0,18.0,6426.0,1.0
LEMON GROVE SCHOOL DISTRICT - MEASURE CC - 55% Required to pass,BONDS - NO,,1808.0,892.0,27.0,2700.0,31.0,18.0,6426.0,
LEMON GROVE SCHOOL DISTRICT - MEASURE EE - 55% Required to pass,BONDS - YES,,2320.0,1145.0,34.0,3465.0,31.0,18.0,6426.0,1.0
LEMON GROVE SCHOOL DISTRICT - MEASURE EE - 55% Required to pass,BONDS - NO,,1982.0,978.0,29.0,2960.0,31.0,18.0,6426.0,
SAN YSIDRO SCHOOL DISTRICT - MEASURE KK - 55% Required to pass,BONDS - YES,,2001.0,987.0,29.0,2988.0,27.0,16.0,5596.0,1.0
SAN YSIDRO SCHOOL DISTRICT - MEASURE KK - 55% Required to pass,BONDS - NO,,1746.0,861.0,26.0,2607.0,27.0,16.0,5596.0,
SAN YSIDRO SCHOOL DISTRICT - MEASURE LL - 55% Required to pass,BONDS - YES,,2068.0,1021.0,30.0,3089.0,27.0,16.0,5596.0,1.0
SAN YSIDRO SCHOOL DISTRICT - MEASURE LL - 55% Required to pass,BONDS - NO,,1678.0,828.0,25.0,2506.0,27.0,16.0,5596.0,
SAN YSIDRO SCHOOL DISTRICT - MEASURE MM - 55% Required to pass,BONDS - YES,,1062.0,524.0,15.0,1586.0,12.0,7.0,2487.0,1.0
SAN YSIDRO SCHOOL DISTRICT - MEASURE MM - 55% Required to pass,BONDS - NO,,602.0,298.0,9.0,900.0,12.0,7.0,2487.0,
SANTEE SCHOOL DISTRICT - MEASURE NN - 55% Required to pass,BONDS - YES,,4281.0,2111.0,63.0,6392.0,53.0,31.0,10986.0,1.0
SANTEE SCHOOL DISTRICT - MEASURE NN - 55% Required to pass,BONDS - NO,,3076.0,1517.0,45.0,4593.0,53.0,31.0,10986.0,
SOUTH BAY UNION SCHOOL DISTRICT - MEASURE PP - 55% Required to pass,BONDS - YES,,3291.0,1623.0,49.0,4914.0,43.0,25.0,8913.0,1.0
SOUTH BAY UNION SCHOOL DISTRICT - MEASURE PP - 55% Required to pass,BONDS - NO,,2677.0,1321.0,39.0,3998.0,43.0,25.0,8913.0,
SOUTH BAY UNION SCHOOL DISTRICT - MEASURE QQ - 55% Required to pass,BONDS - YES,,3579.0,1765.0,53.0,5344.0,43.0,25.0,8913.0,1.0
SOUTH BAY UNION SCHOOL DISTRICT - MEASURE QQ - 55% Required to pass,BONDS - NO,,2389.0,1179.0,35.0,3568.0,43.0,25.0,8913.0,
COUNTY OF SAN DIEGO - MEASURE G - Majority-Required to pass,YES,,203679.0,100415.0,3040.0,304094.0,2669.0,1601.0,553272.0,1.0
COUNTY OF SAN DIEGO - MEASURE G - Majority-Required to pass,NO,,166896.0,82281.0,2491.0,249177.0,2669.0,1601.0,553272.0,
CITY OF CARLSBAD - MEASURE B - Majority-Required to pass,YES,,8044.0,3966.0,120.0,12010.0,111.0,66.0,23009.0,1.0
CITY OF CARLSBAD - MEASURE B - Majority-Required to pass,NO,,7366.0,3632.0,109.0,10998.0,111.0,66.0,23009.0,
CITY OF CHULA VISTA - MEASURE P - Majority-Required to pass,YES,,13873.0,6840.0,207.0,20713.0,154.0,92.0,31923.0,1.0
CITY OF CHULA VISTA - MEASURE P - Majority-Required to pass,NO,,7507.0,3702.0,112.0,11209.0,154.0,92.0,31923.0,
CITY OF DEL MAR - MEASURE A - Majority-Required to pass,YES,,407.0,201.0,6.0,608.0,5.0,3.0,1036.0,1.0
CITY OF DEL MAR - MEASURE A - Majority-Required to pass,NO,,286.0,141.0,4.0,427.0,5.0,3.0,1036.0,
CITY OF DEL MAR - MEASURE M - Majority-Required to pass,YES,,372.0,184.0,5.0,556.0,5.0,3.0,1036.0,1.0
CITY OF DEL MAR - MEASURE M - Majority-Required to pass,NO,,320.0,159.0,4.0,479.0,5.0,3.0,1036.0,
CITY OF EL CAJON - MEASURE J - Majority-Required to pass,YES,,6194.0,3054.0,92.0,9248.0,79.0,47.0,16376.0,1.0
CITY OF EL CAJON - MEASURE J - Majority-Required to pass,NO,,4773.0,2354.0,71.0,7127.0,79.0,47.0,16376.0,
CITY OF ENCINITAS - MEASURE K - Majority-Required to pass,YES,,4971.0,2452.0,74.0,7423.0,56.0,33.0,11608.0,1.0
CITY OF ENCINITAS - MEASURE K - Majority-Required to pass,NO,,2802.0,1382.0,41.0,4184.0,56.0,33.0,11608.0,
CITY OF ESCONDIDO - MEASURE I - Majority-Required to pass,YES,,9274.0,4573.0,138.0,13847.0,127.0,76.0,26326.0,1.0
CITY OF ESCONDIDO - MEASURE I - Majority-Required to pass,NO,,8357.0,4121.0,124.0,12478.0,127.0,76.0,26326.0,
CITY OF LA MESA - MEASURE L - Majority-Required to pass,YES,,3014.0,1486.0,45.0,4500.0,37.0,22.0,7669.0,1.0
CITY OF LA MESA - MEASURE L - Majority-Required to pass,NO,,2121.0,1047.0,31.0,3168.0,37.0,22.0,7669.0,
CITY OF LEMON GROVE - MEASURE T - Majority-Required to pass,YES,,1181.0,583.0,17.0,1764.0,15.0,9.0,3109.0,1.0
CITY OF LEMON GROVE - MEASURE T - Majority-Required to pass,NO,,900.0,444.0,13.0,1344.0,15.0,9.0,3109.0,
CITY OF NATIONAL CITY - MEASURE R - Majority-Required to pass,YES,,2377.0,1172.0,35.0,3549.0,31.0,18.0,6426.0,1.0
CITY OF NATIONAL CITY - MEASURE R - Majority-Required to pass,NO,,1926.0,950.0,28.0,2876.0,31.0,18.0,6426.0,
CITY OF OCEANSIDE - MEASURE X - Majority-Required to pass,YES,,8972.0,4424.0,133.0,13396.0,118.0,70.0,24460.0,1.0
CITY OF OCEANSIDE - MEASURE X - Majority-Required to pass,NO,,7409.0,3654.0,110.0,11063.0,118.0,70.0,24460.0,
CITY OF POWAY - MEASURE H - Majority-Required to pass,YES,,2634.0,1299.0,39.0,3933.0,35.0,21.0,7255.0,1.0
CITY OF POWAY - MEASURE H - Majority-Required to pass,NO,,2224.0,1097.0,33.0,3321.0,35.0,21.0,7255.0,
CITY OF SAN DIEGO - MEASURE C - Majority-Required to pass,YES,,43371.0,21383.0,647.0,64754.0,594.0,356.0,123133.0,1.0
CITY OF SAN DIEGO - MEASURE C - Majority-Required to pass,NO,,39101.0,19277.0,583.0,58378.0,594.0,356.0,123133.0,
CITY OF SAN DIEGO - MEASURE D - Majority-Required to pass,YES,,67710.0,33382.0,1010.0,101092.0,841.0,504.0,174335.0,1.0
CITY OF SAN DIEGO - MEASURE D - Majority-Required to pass,NO,,49056.0,24186.0,732.0,73242.0,841.0,504.0,174335.0,
CITY OF SAN DIEGO - MEASURE E - Majority-Required to pass,YES,,61477.0,30309.0,917.0,91786.0,841.0,504.0,174335.0,1.0
CITY OF SAN DIEGO - MEASURE E - Majority-Required to pass,NO,,55289.0,27259.0,825.0,82548.0,841.0,504.0,174335.0,
CITY OF SAN MARCOS - MEASURE Q - Majority-Required to pass,YES,,10684.0,5268.0,159.0,15952.0,122.0,73.0,25290.0,1.0
CITY OF SAN MARCOS - MEASURE Q - Majority-Required to pass,NO,,6253.0,3084.0,93.0,9337.0,122.0,73.0,25290.0,
CITY OF SANTEE - MEASURE S - Majority-Required to pass,YES,,3316.0,1635.0,49.0,4951.0,38.0,22.0,7877.0,1.0
CITY OF SANTEE - MEASURE S - Majority-Required to pass,NO,,1959.0,966.0,29.0,2925.0,38.0,22.0,7877.0,
